event_date,close_price_usd,market_cap_usd,volume_usd
2020-04-10 00:00:00 UTC,0.9545141322744942,0,0
2020-04-11 00:00:00 UTC,0.78626677957942,7660846.624117442,93301994.72088043
2020-04-12 00:00:00 UTC,0.8564213714952221,6277690.518566741,49556726.98122313
2020-04-13 00:00:00 UTC,0.7910296535429877,7007955.255134167,37870403.75532711
2020-04-14 00:00:00 UTC,0.6596208793519226,6293697.556366917,19325139.840762906
2020-04-15 00:00:00 UTC,0.6305742821149114,5333387.124121048,17849052.056654558
2020-04-16 00:00:00 UTC,0.6943420756820482,5100968.538467733,13247827.641450131
2020-04-17 00:00:00 UTC,0.6567473335188474,5554736.605456386,23199858.9547369
2020-04-18 00:00:00 UTC,0.6772562914702702,5253978.668150779,10216113.697495757
2020-04-19 00:00:00 UTC,0.6083709507819305,5415777.481729635,10203886.654004376
2020-04-20 00:00:00 UTC,0.5300303666193164,4844617.211182358,9793448.786416825
2020-04-21 00:00:00 UTC,0.5728476393583961,4278323.953856146,8710613.092180697
2020-04-22 00:00:00 UTC,0.6920915448449846,4582781.1148671685,9610942.759514406
2020-04-23 00:00:00 UTC,0.623357673655046,5479097.758518397,18325417.56301229
2020-04-24 00:00:00 UTC,0.6222647649374106,4973626.230933076,13686644.95123084
2020-04-25 00:00:00 UTC,0.6514511467647831,4982120.720682955,8943901.777688092
2020-04-26 00:00:00 UTC,0.6400929031034838,5211609.174118265,7391745.10827016
2020-04-27 00:00:00 UTC,0.5678367882856368,5120743.224827871,8496639.891180081
2020-04-28 00:00:00 UTC,0.6564793467998281,4546523.845578628,7527619.136891058
2020-04-29 00:00:00 UTC,0.7433720155652229,5251834.774398625,7371904.916026309
2020-04-30 00:00:00 UTC,0.6937458488565206,5929512.108702119,8973977.144188361
2020-05-01 00:00:00 UTC,0.7158108051742456,5549966.790852165,5187680.816496699
2020-05-02 00:00:00 UTC,0.7127230406835205,5735631.457331113,4072351.58035405
2020-05-03 00:00:00 UTC,0.6857670779831354,5699503.146546209,3454834.96566358
2020-05-04 00:00:00 UTC,0.6662250149146228,5492878.53974373,3362153.064735856
2020-05-05 00:00:00 UTC,0.6512975747465728,5329800.119316982,3442983.683572515
2020-05-06 00:00:00 UTC,0.6164118294273094,5214312.590330994,2914523.5293316534
2020-05-07 00:00:00 UTC,0.6075036802669583,4931294.635418476,2702242.181525558
2020-05-08 00:00:00 UTC,0.608939662026112,4871519.119438461,3379765.0224384503
2020-05-09 00:00:00 UTC,0.6017917957668725,4827334.908169065,2493703.55942783
2020-05-10 00:00:00 UTC,0.541777928609612,4816707.909418276,2126230.1519960337
2020-05-11 00:00:00 UTC,0.5147566775048696,4324416.949285259,2370841.7230691817
2020-05-12 00:00:00 UTC,0.5333426539131136,4118053.4200389567,2116899.149422253
2020-05-13 00:00:00 UTC,0.5533191018747785,4266741.231304909,2182277.4116870984
2020-05-14 00:00:00 UTC,0.5713487397971048,4413742.897500913,2337721.3827509126
2020-05-15 00:00:00 UTC,0.5574982820849536,4582897.034790134,542423.5640225473
2020-05-16 00:00:00 UTC,0.594004423271469,4432087.508991812,1843430.9925927788
2020-05-17 00:00:00 UTC,0.6159337448626931,4752035.386171752,2265689.1755101425
2020-05-18 00:00:00 UTC,0.6477344448774962,4898008.357759836,2950437.821089827
2020-05-19 00:00:00 UTC,0.6277358942952668,5213969.633802138,3280890.995949265
2020-05-20 00:00:00 UTC,0.5787011037173093,4992434.521871735,2396133.36024372
2020-05-21 00:00:00 UTC,0.6064226707089416,4629608.829738474,2308241.280318506
2020-05-22 00:00:00 UTC,0.6370094197990073,4853042.594897839,2795701.8812229843
2020-05-23 00:00:00 UTC,0.6082201706733519,5096075.358392058,3348681.7060808684
2020-05-24 00:00:00 UTC,0.5465741722754689,4866957.615424991,2624526.4581755586
2020-05-25 00:00:00 UTC,0.6016193136433383,4374843.160369413,2831384.6236669393
2020-05-26 00:00:00 UTC,0.5731399463825178,4809730.17960867,4475953.961494594
2020-05-27 00:00:00 UTC,0.5893947612844183,4598505.351008801,2703457.5841550757
2020-05-28 00:00:00 UTC,0.5736883045706687,4715158.090275346,2547148.1525015305
2020-05-29 00:00:00 UTC,0.5774323126967125,9355135.435068997,2660071.925228077
2020-05-30 00:00:00 UTC,0.5837960324428446,9427078.266084636,2051249.6504508469
2020-05-31 00:00:00 UTC,0.5698205771682234,9578119.276557392,2430008.6459913
2020-06-01 00:00:00 UTC,0.5806537041322107,9406490.007226136,1922247.90852498
2020-06-02 00:00:00 UTC,0.5649860323558225,9472029.021345625,2249670.3323863335
2020-06-03 00:00:00 UTC,0.5866793911165121,9243123.656721586,1379146.1975913164
2020-06-04 00:00:00 UTC,0.5870813025085252,9590234.216567714,882979.8428813159
2020-06-05 00:00:00 UTC,0.6569611049457513,9574083.208699878,930550.2917223678
2020-06-06 00:00:00 UTC,0.6254174646400334,10747702.95638117,4253926.368138953
2020-06-07 00:00:00 UTC,0.619409101664067,10180036.835310562,1644975.9479360643
2020-06-08 00:00:00 UTC,0.6686682803575069,10132718.927192342,775131.6334111998
2020-06-09 00:00:00 UTC,0.654381561780581,10923024.62528431,1452046.7405313102
2020-06-10 00:00:00 UTC,0.6469464313599731,10722380.329005796,1004514.1334173644
2020-06-11 00:00:00 UTC,0.57085832350223,10639624.211739603,1160676.1048875083
2020-06-12 00:00:00 UTC,0.5939698612575487,9357593.847411634,1228783.9732028884
2020-06-13 00:00:00 UTC,0.6089787392111737,9716981.939280322,961395.9959180811
2020-06-14 00:00:00 UTC,0.5852967683098076,9959710.256455624,754120.2019024394
2020-06-15 00:00:00 UTC,0.5693345711589423,9589521.853056954,914314.6402915242
2020-06-16 00:00:00 UTC,0.5849358248450922,9330150.96086826,1050977.400144661
2020-06-17 00:00:00 UTC,0.5817844564727348,9571687.377252234,676342.0014336457
2020-06-18 00:00:00 UTC,0.6195083126702693,9517420.769870106,704145.3882639
2020-06-19 00:00:00 UTC,0.684092762950382,10220474.519610496,1371500.4318075408
2020-06-20 00:00:00 UTC,0.648140653526651,11247343.894203106,7075938.7242932515
2020-06-21 00:00:00 UTC,0.6723078833746423,10684326.128749236,1743252.3827024307
2020-06-22 00:00:00 UTC,0.7310203077615776,11086240.79289364,2284811.028959027
2020-06-23 00:00:00 UTC,0.7077338455894792,12050454.670074144,1586458.920873834
2020-06-24 00:00:00 UTC,0.7362746052376731,11650045.353758484,1384252.6688262708
2020-06-25 00:00:00 UTC,0.7124266994864017,12136465.74508035,2828048.4286493445
2020-06-26 00:00:00 UTC,0.7420654423886706,11748127.50271804,1800179.5721806623
2020-06-27 00:00:00 UTC,0.7118368096696973,12210143.324436467,1673509.5204769804
2020-06-28 00:00:00 UTC,0.8044059207384049,11750514.839677684,1709607.167635784
2020-06-29 00:00:00 UTC,0.8545425453464778,13166744.92172672,3425279.6305997605
2020-06-30 00:00:00 UTC,0.8583010746860983,14062849.974509096,2178825.491935364
2020-07-01 00:00:00 UTC,0.8317666952917206,14164459.013979023,4200540.060321002
2020-07-02 00:00:00 UTC,0.7745728536686214,13737840.609279668,1831943.5590396584
2020-07-03 00:00:00 UTC,0.7681320548769106,12783903.734507758,1794730.0492866964
2020-07-04 00:00:00 UTC,0.7810084788220825,12671326.309904687,1166539.6025761585
2020-07-05 00:00:00 UTC,0.6937990086594767,12892264.592707587,1684787.969223519
2020-07-06 00:00:00 UTC,0.7082490990185827,11423393.47428414,3823970.535165203
2020-07-07 00:00:00 UTC,0.7531574357972163,11691026.180906912,1169672.539505057
2020-07-08 00:00:00 UTC,0.795861803854058,12435090.742149867,1708612.5555536451
2020-07-09 00:00:00 UTC,0.8507109085473178,13138366.724263769,2260503.1445058854
2020-07-10 00:00:00 UTC,0.9166519565461196,14045120.422821058,2615562.347387862
2020-07-11 00:00:00 UTC,0.9215945969623982,15124596.53981408,1871870.0000304433
2020-07-12 00:00:00 UTC,1.013283304428055,15255221.428043248,1733824.0028990416
2020-07-13 00:00:00 UTC,1.173923057582873,16771128.981436845,4786333.013738594
2020-07-14 00:00:00 UTC,1.1494769281373274,20329352.501318388,4060564.7759684087
2020-07-15 00:00:00 UTC,1.2857558651435756,19972946.84442129,2238923.5428535324
2020-07-16 00:00:00 UTC,0.868641100351007,24362181.926540542,3357987.481822957
2020-07-17 00:00:00 UTC,0.9814397414316838,17421044.67558747,9294140.928664116
2020-07-18 00:00:00 UTC,0.967464746496242,20911970.895984627,11435939.77166833
2020-07-19 00:00:00 UTC,0.9223588160264716,20602905.143447436,2948152.5077327215
2020-07-20 00:00:00 UTC,0.8728493998110868,19645212.65646819,2215795.6862012334
2020-07-21 00:00:00 UTC,0.9787682844833352,18809147.721587732,3037170.2061719988
2020-07-22 00:00:00 UTC,1.0427953526909717,20859692.480081823,4291025.890999508
2020-07-23 00:00:00 UTC,1.0559326012595418,23291006.00333322,5394736.461137715
2020-07-24 00:00:00 UTC,0.9962153374438012,23582120.1816582,3039174.9948051893
2020-07-25 00:00:00 UTC,1.2535452396062594,22257226.763711892,2034380.5881697184
2020-07-26 00:00:00 UTC,1.575810588794881,27998456.46790909,9560459.211192831
2020-07-27 00:00:00 UTC,1.7827481392562672,35196205.81015293,9901793.170467377
2020-07-28 00:00:00 UTC,1.7849550663331446,41465582.71827517,35770750.11554943
2020-07-29 00:00:00 UTC,1.6579916445982583,41629008.98213003,9746385.093818463
2020-07-30 00:00:00 UTC,1.6863431950760894,40347412.24264446,11129517.234578392
2020-07-31 00:00:00 UTC,1.5382188989264582,41117076.71814283,5592419.707435141
2020-08-01 00:00:00 UTC,1.5375335781245834,37711209.168728195,5087243.869744745
2020-08-02 00:00:00 UTC,1.735943837531466,37476947.21557642,4745738.64880557
2020-08-03 00:00:00 UTC,1.7990798204273195,42382004.442631856,6735073.302272027
2020-08-04 00:00:00 UTC,1.8698435685744523,43977377.47237235,5775928.39484222
2020-08-05 00:00:00 UTC,1.7582276257583287,46368816.3139189,5677130.502823545
2020-08-06 00:00:00 UTC,2.1951349729195244,43050611.45569475,5533273.585781742
2020-08-07 00:00:00 UTC,2.0831238946011483,56772095.39392069,10430965.212637834
2020-08-08 00:00:00 UTC,2.4785023328343203,54969359.87215626,7916260.769360881
2020-08-09 00:00:00 UTC,2.6641825125615495,65401183.62573061,10298699.80819586
2020-08-10 00:00:00 UTC,3.13712326447775,70360553.76647416,11355698.624661462
2020-08-11 00:00:00 UTC,3.3062077094191937,87332088.95472732,21957101.010773063
2020-08-12 00:00:00 UTC,3.755097779328101,91851887.99480896,34208547.7304458
2020-08-13 00:00:00 UTC,3.733675412574768,105458413.8307931,27183601.992967613
2020-08-14 00:00:00 UTC,3.417497219987532,108874815.26710749,28936940.781297173
2020-08-15 00:00:00 UTC,3.17786596810791,101662334.18190424,19041477.056082636
2020-08-16 00:00:00 UTC,3.375929830346174,94902591.920732,13988205.244705826
2020-08-17 00:00:00 UTC,3.111474805655273,101093049.99744666,10347720.06884022
2020-08-18 00:00:00 UTC,3.3320535566433818,94608999.62433508,11247836.97676962
2020-08-19 00:00:00 UTC,2.906983543549131,103512572.7225058,29435699.53936453
2020-08-20 00:00:00 UTC,3.2057330246616575,91194729.76245809,15455397.547954723
2020-08-21 00:00:00 UTC,2.9301105508500607,100943289.13771996,13588240.18790643
2020-08-22 00:00:00 UTC,3.019833269571866,92344037.98901406,11240909.102744255
2020-08-23 00:00:00 UTC,3.320274614465507,95149797.26079312,10160676.186937649
2020-08-24 00:00:00 UTC,3.347542217131135,104838610.420335,11714086.237877036
2020-08-25 00:00:00 UTC,3.2571454827228625,106175780.3286912,15529749.99988593
2020-08-26 00:00:00 UTC,3.5533622287623015,103504610.6052642,12460625.371168992
2020-08-27 00:00:00 UTC,3.4356780165170044,114219136.44905476,22036359.930058036
2020-08-28 00:00:00 UTC,4.013837239108591,110491240.21623018,21506811.357477196
2020-08-29 00:00:00 UTC,3.955710573935989,130086336.4816836,25566066.702051017
2020-08-30 00:00:00 UTC,4.445245777082724,128816760.88101023,14486718.627595406
2020-08-31 00:00:00 UTC,4.657739713333385,144468272.8412078,22156477.286133703
2020-09-01 00:00:00 UTC,4.331952420821681,155538068.4816387,16876447.103176624
2020-09-02 00:00:00 UTC,4.170868567924653,141618512.0563975,15988094.817190306
2020-09-03 00:00:00 UTC,3.522025052114982,137395776.83253694,23140782.17339375
2020-09-04 00:00:00 UTC,3.534736067911656,117454270.30111948,27410124.47064142
2020-09-05 00:00:00 UTC,2.6141324035288114,118962336.47400291,17761648.40483054
2020-09-06 00:00:00 UTC,3.0824864104022036,87193154.31518938,25676839.344275583
2020-09-07 00:00:00 UTC,2.912038579243174,103565672.84161636,18481418.39514266
2020-09-08 00:00:00 UTC,2.4695006538719135,99103615.3011978,16178595.580443917
2020-09-09 00:00:00 UTC,3.638002348216647,85338829.21618006,10499236.770760017
2020-09-10 00:00:00 UTC,3.466406358268772,125826144.02819896,46234424.66656924
2020-09-11 00:00:00 UTC,3.427018442682301,120412927.10594516,29525662.065554615
2020-09-12 00:00:00 UTC,3.330238512785634,121133286.76719752,16410303.890974632
2020-09-13 00:00:00 UTC,3.223173839192034,117101200.9600146,10254691.417634156
2020-09-14 00:00:00 UTC,3.2640179203504953,113313237.95147398,15419062.27337367
2020-09-15 00:00:00 UTC,2.9177298229528668,118742343.21434988,21845369.131422944
2020-09-16 00:00:00 UTC,2.541663709254547,107438318.6718522,12631392.171176229
2020-09-17 00:00:00 UTC,2.8827100861662824,94070098.59695262,24804475.96572292
2020-09-18 00:00:00 UTC,3.0693595188895904,108439271.81387907,21890557.635503843
2020-09-19 00:00:00 UTC,3.0260818483522733,115516041.42014772,22524529.400248308
2020-09-20 00:00:00 UTC,2.8661454990598556,113165288.66525248,11007356.26902693
2020-09-21 00:00:00 UTC,2.7694194110338386,107251415.78752927,9289543.40876538
2020-09-22 00:00:00 UTC,2.9158814177070904,105132421.8250733,19250363.249239452
2020-09-23 00:00:00 UTC,2.8367081273006343,110996725.68154047,18920556.627762437
2020-09-24 00:00:00 UTC,3.1306944358865536,107543342.47629537,14572165.831621137
2020-09-25 00:00:00 UTC,3.193716280817426,118688117.96038386,16637073.830072444
2020-09-26 00:00:00 UTC,3.128712899983448,122419833.69966698,13619666.948481996
2020-09-27 00:00:00 UTC,3.1728445114575963,121208537.94283964,8797747.607244382
2020-09-28 00:00:00 UTC,2.952323882128309,124234294.41789883,7568669.972970491
2020-09-29 00:00:00 UTC,2.946476847064459,116979688.02797802,9212806.533307554
2020-09-30 00:00:00 UTC,2.901551245578833,117794737.82329232,6832331.7960826615
2020-10-01 00:00:00 UTC,2.861650392141758,117264678.94867297,5819901.668894124
2020-10-02 00:00:00 UTC,2.6226768674716876,116520324.0537809,8820689.456767976
2020-10-03 00:00:00 UTC,2.5389999560505583,107477692.98654434,14201882.392576208
2020-10-04 00:00:00 UTC,2.515916525463679,104533958.66267772,6056422.599365892
2020-10-05 00:00:00 UTC,2.6527807834067,104629072.11208975,7162241.6245425595
2020-10-06 00:00:00 UTC,2.173391995959771,109984268.88457702,8305003.018126513
2020-10-07 00:00:00 UTC,2.3035143482139024,90620637.14063394,12047618.918707002
2020-10-08 00:00:00 UTC,2.368469767162146,96626244.2271101,14063849.4221452
2020-10-09 00:00:00 UTC,2.5348556455356337,100361073.08665311,18985514.66221915
2020-10-10 00:00:00 UTC,2.403945620311555,107763312.58298202,14314228.586349474
2020-10-11 00:00:00 UTC,2.420034901676883,102263473.3254,10156384.16072048
2020-10-12 00:00:00 UTC,2.5812649208322416,102599664.11189498,7265745.982905434
2020-10-13 00:00:00 UTC,2.4042685314447305,109603960.09835848,15143693.403178971
2020-10-14 00:00:00 UTC,2.316073087663865,104349414.79795986,13903159.674968945
2020-10-15 00:00:00 UTC,2.2695580683764605,100658650.54712296,10347493.094639055
2020-10-16 00:00:00 UTC,2.135389130955868,98861299.72953752,8099922.745439984
2020-10-17 00:00:00 UTC,2.2022196188639893,93684534.75782022,13572839.421765093
2020-10-18 00:00:00 UTC,2.213276198283871,95891222.33642678,6178512.205032652
2020-10-19 00:00:00 UTC,2.056884647334148,96201418.29928117,5694108.666771813
2020-10-20 00:00:00 UTC,1.8851126247648224,89483911.14654794,8563704.21766991
2020-10-21 00:00:00 UTC,1.885976843455042,82514275.50861654,15632866.239683142
2020-10-22 00:00:00 UTC,1.949436722239058,82395533.48246232,23390658.655186053
2020-10-23 00:00:00 UTC,1.9584434740848935,86501726.29530731,13115185.147240872
2020-10-24 00:00:00 UTC,1.9123438539739712,86992250.29298699,11245876.427419716
2020-10-25 00:00:00 UTC,1.7910924480583743,85097119.41553113,6852802.614024522
2020-10-26 00:00:00 UTC,1.6822121046519312,80166567.40845197,9196314.737081984
2020-10-27 00:00:00 UTC,1.7048751487469342,76352252.52403358,13637087.399536638
2020-10-28 00:00:00 UTC,1.5181953678451587,78379682.65133592,15390689.596035665
2020-10-29 00:00:00 UTC,1.4300101074005178,69517465.67781846,15874254.39817321
2020-10-30 00:00:00 UTC,1.4377210096677056,65433356.4751769,7309247.09104263
2020-10-31 00:00:00 UTC,1.5425181273938589,65971825.09030392,9332859.41752187
2020-11-01 00:00:00 UTC,1.6071456742387034,70310236.99352686,6759325.081472018
2020-11-02 00:00:00 UTC,1.470875529875869,73431648.16385111,7050690.945449831
2020-11-03 00:00:00 UTC,1.4117342524997911,67473993.79548974,6480024.167517303
2020-11-04 00:00:00 UTC,1.3931800197995297,64789424.24486666,6386494.264680646
2020-11-05 00:00:00 UTC,1.4028106421185689,63924473.24764113,13437173.941846414
2020-11-06 00:00:00 UTC,1.918077814718815,64230247.786586635,11289100.833988948
2020-11-07 00:00:00 UTC,2.019803142596978,88646989.63268837,29366555.535449874
2020-11-08 00:00:00 UTC,2.152723075154669,92674808.52860267,68979891.09073298
2020-11-09 00:00:00 UTC,2.029976499616402,99153483.96280438,35147533.346895486
2020-11-10 00:00:00 UTC,2.2613714947912733,93069781.6702785,22948708.126743108
2020-11-11 00:00:00 UTC,1.9966904376575103,103777531.66433226,16429866.45302214
2020-11-12 00:00:00 UTC,1.9087295952433283,91848681.21163373,18079191.62780451
2020-11-13 00:00:00 UTC,2.016761595890501,86929582.54336853,14403787.04183179
2020-11-14 00:00:00 UTC,1.9197118741115708,92395446.39953326,10854953.15645354
2020-11-15 00:00:00 UTC,2.0461655231912097,88088153.3159369,7387086.129475188
2020-11-16 00:00:00 UTC,2.2638188630554494,93688715.99840245,17968014.808891658
2020-11-17 00:00:00 UTC,2.2043702583342735,103941972.24364196,20511869.779718712
2020-11-18 00:00:00 UTC,2.1205140491030794,100871011.48333964,15979282.696407042
2020-11-19 00:00:00 UTC,2.0779865780453255,97224804.77808382,13837198.130197898
2020-11-20 00:00:00 UTC,2.1049323321855167,95016544.57983688,9345228.485789187
2020-11-21 00:00:00 UTC,2.379992604829684,96511346.34428184,10389605.963104377
2020-11-22 00:00:00 UTC,2.166046200228436,109260804.84714296,25383264.999296825
2020-11-23 00:00:00 UTC,2.277135560652563,99643753.24807031,20667112.272654425
2020-11-24 00:00:00 UTC,2.276428311660065,104405683.73789696,19116380.470869254
2020-11-25 00:00:00 UTC,2.261681374416049,104170321.0198273,32219449.36415684
2020-11-26 00:00:00 UTC,1.906325902791963,103929950.4113385,31287613.69240495
2020-11-27 00:00:00 UTC,1.860029982098721,87720201.28555545,41381917.0170262
2020-11-28 00:00:00 UTC,1.8888344411002265,85605220.83223307,16039164.909750532
2020-11-29 00:00:00 UTC,1.9201702228929876,86914043.07447232,13522717.204753218
2020-11-30 00:00:00 UTC,1.9603431208168205,88355307.10001019,7489636.043162541
2020-12-01 00:00:00 UTC,1.9800325266326135,90930509.95528533,10297889.526153188
2020-12-02 00:00:00 UTC,2.1226204890606875,91819218.14741091,15830894.859960804
2020-12-03 00:00:00 UTC,2.097714059603795,98018557.31922242,20170655.11059186
2020-12-04 00:00:00 UTC,1.853899487633121,97007192.41882148,26152180.027720824
2020-12-05 00:00:00 UTC,1.9791481455960385,85769499.98668122,12450192.050508115
2020-12-06 00:00:00 UTC,1.8511797273451136,91540720.20606874,10610011.17582635
2020-12-07 00:00:00 UTC,1.830418889967234,85642210.29608525,10674071.414562574
2020-12-08 00:00:00 UTC,1.6644960136208975,84680716.35592262,10469897.970617834
2020-12-09 00:00:00 UTC,1.6615806109038382,77643530.78405608,17040893.434419792
2020-12-10 00:00:00 UTC,1.577328370243144,76868719.05819744,16731179.78517664
2020-12-11 00:00:00 UTC,1.4442737779093238,72932561.79615596,9084062.466038316
2020-12-12 00:00:00 UTC,1.493526346403159,67063074.53264825,10780559.675314115
2020-12-13 00:00:00 UTC,1.562746496322306,68955592.28090769,9065753.355542796
2020-12-14 00:00:00 UTC,1.5913971250070764,72368450.61816674,10812034.117459975
2020-12-15 00:00:00 UTC,1.7564279847332167,74016890.42886762,10863894.554442858
2020-12-16 00:00:00 UTC,1.7824043349837615,81796966.86255236,25843745.49836551
2020-12-17 00:00:00 UTC,1.6769597043662745,82697026.71230772,23737134.460782345
2020-12-18 00:00:00 UTC,1.697258145500226,78142306.96940227,19717836.30080452
2020-12-19 00:00:00 UTC,1.6681903160753284,79098065.29444037,9936981.396394866
2020-12-20 00:00:00 UTC,1.5526987283541331,77732647.25521801,11136979.48892286
2020-12-21 00:00:00 UTC,1.5415143068812514,72790529.40428856,11349644.060557447
2020-12-22 00:00:00 UTC,1.4938509205580772,71917452.83885342,10243902.002297712
2020-12-23 00:00:00 UTC,1.2008958570122923,69610286.75286616,14597958.00930808
2020-12-24 00:00:00 UTC,1.36557433190834,56208046.64149795,21917894.000377797
2020-12-25 00:00:00 UTC,1.446153335197897,63632101.767721415,11646202.175001943
2020-12-26 00:00:00 UTC,1.3294461231800296,67386441.18970141,11232079.49557454
2020-12-27 00:00:00 UTC,1.306414754615065,61949341.745431826,8572470.89700717
2020-12-28 00:00:00 UTC,1.5207428542738046,60875941.08980794,15732984.364441903
2020-12-29 00:00:00 UTC,1.6799581713520553,70774348.23560144,16309149.56890693
2020-12-30 00:00:00 UTC,1.53908337073325,78352281.80230162,34163547.36547875
2020-12-31 00:00:00 UTC,1.5114141826968337,71717129.46921001,16928090.286956906
2021-01-01 00:00:00 UTC,1.8426891719199232,69766796.8517985,17093506.056503486
2021-01-02 00:00:00 UTC,1.803375527108664,85863856.94611825,32996938.107053723
2021-01-03 00:00:00 UTC,2.185296874490899,84031760.91309264,41324740.92124025
2021-01-04 00:00:00 UTC,2.420730258445992,99775343.80647424,70494468.47697507
2021-01-05 00:00:00 UTC,2.171454784982041,111799126.97201678,74374662.95752864
2021-01-06 00:00:00 UTC,1.9330064791382875,101182231.93822125,65075190.43925678
2021-01-07 00:00:00 UTC,2.37882103128613,90071017.64549355,67230656.48435897
2021-01-08 00:00:00 UTC,3.2299895840121327,623016039.513764,220098315.83662093
2021-01-09 00:00:00 UTC,3.408110114379995,845937975.687469,271033511.9322429
2021-01-10 00:00:00 UTC,3.4708614079640125,892587331.8964573,120646578.24206284
2021-01-11 00:00:00 UTC,3.114744629156565,912330458.1173432,81004365.69385695
2021-01-12 00:00:00 UTC,3.620986524258456,815753891.7188972,106319722.28298
2021-01-13 00:00:00 UTC,3.5210386345830624,938493137.5207736,98354224.7294355
2021-01-14 00:00:00 UTC,3.279601949844205,922161696.4640336,74873641.12573765
2021-01-15 00:00:00 UTC,3.2579793689425496,859145982.5611855,76635979.7634301
2021-01-16 00:00:00 UTC,3.427656129501602,853469211.6086395,60081938.74467134
2021-01-17 00:00:00 UTC,3.834172591460901,898190245.8328518,99417876.391358
2021-01-18 00:00:00 UTC,3.79052624929708,1004713937.495878,112611694.62457936
2021-01-19 00:00:00 UTC,3.608901280118556,993393188.6195124,92961780.10260633
2021-01-20 00:00:00 UTC,3.718937009110086,945533414.936567,69912751.96585928
2021-01-21 00:00:00 UTC,2.9919121905056225,973659608.4262564,58359512.200241424
2021-01-22 00:00:00 UTC,3.344518359476901,781177917.2827963,56045491.706058785
2021-01-23 00:00:00 UTC,3.5048948286074606,871569707.9664146,78902369.09189478
2021-01-24 00:00:00 UTC,3.631452395180177,913362523.3659304,34545351.47723854
2021-01-25 00:00:00 UTC,3.700602299146788,946342666.7648792,39664143.87344993
2021-01-26 00:00:00 UTC,4.041224197898265,964416305.8623856,101797609.25276054
2021-01-27 00:00:00 UTC,3.7011551247921695,1053163595.9035604,100043630.88392527
2021-01-28 00:00:00 UTC,3.823677279602811,965216149.5931334,41519372.80550833
2021-01-29 00:00:00 UTC,3.83665984537876,996468612.461703,39622415.06937788
2021-01-30 00:00:00 UTC,4.232761069412722,1000016076.718434,57117310.33433001
2021-01-31 00:00:00 UTC,4.246991828619319,1099976702.0181136,67448375.34603146
2021-02-01 00:00:00 UTC,4.593427971889496,1108554251.4633815,97124700.74779958
2021-02-02 00:00:00 UTC,5.2567793893382335,1197359207.0723977,47934746.840505585
2021-02-03 00:00:00 UTC,5.738863726389199,1370272499.5878837,123884060.39595623
2021-02-04 00:00:00 UTC,6.408696378257085,1486424501.2461636,94300413.6886038
2021-02-05 00:00:00 UTC,6.709372379108549,1677733734.3813236,136331310.94146243
2021-02-06 00:00:00 UTC,6.087890144239148,1732564478.94795,122753743.51212096
2021-02-07 00:00:00 UTC,6.668283311411331,1614662623.626382,133045560.70605367
2021-02-08 00:00:00 UTC,7.892744642872145,1741080410.398057,134824099.37761068
2021-02-09 00:00:00 UTC,7.829538772175752,2067531944.1291592,198689290.26277056
2021-02-10 00:00:00 UTC,9.061738704814612,2057704292.0616744,154922146.15594506
2021-02-11 00:00:00 UTC,9.193474715193764,2382516310.242667,152619693.37064946
2021-02-12 00:00:00 UTC,9.224882079250444,2396719732.1723113,201465840.8798726
2021-02-13 00:00:00 UTC,8.715585929606657,2425429063.386438,113494986.69562522
2021-02-14 00:00:00 UTC,8.712022915273886,2293319132.223612,116696167.57873929
2021-02-15 00:00:00 UTC,8.839770398131622,2299584697.079879,111878440.91201437
2021-02-16 00:00:00 UTC,8.292012570794373,2329308467.180637,109986666.3949145
2021-02-17 00:00:00 UTC,8.249060875362705,2183110497.0305705,72135716.8641819
2021-02-18 00:00:00 UTC,9.026118931845332,2173930631.1428275,96291989.43466918
2021-02-19 00:00:00 UTC,11.481720363341257,2380525592.57911,97735714.80310692
2021-02-20 00:00:00 UTC,10.04480058771968,3027097063.161305,339303282.3056558
2021-02-21 00:00:00 UTC,11.078666928052645,2649336086.1653857,151440515.5700259
2021-02-22 00:00:00 UTC,14.430473215000973,2931179221.1766667,183060302.70572165
2021-02-23 00:00:00 UTC,15.258001191274024,3806058531.680466,745980743.5236785
2021-02-24 00:00:00 UTC,17.459989819142695,4026015501.739864,1250312997.1328712
2021-02-25 00:00:00 UTC,13.781855177036634,4630153132.806194,661058089.5220089
2021-02-26 00:00:00 UTC,13.6687549899462,3645502240.013865,526378867.46461064
2021-02-27 00:00:00 UTC,13.19149989021331,3630663218.351275,438499610.5149998
2021-02-28 00:00:00 UTC,13.059107305345584,3502097092.0348463,323162789.4994949
2021-03-01 00:00:00 UTC,15.019166092252744,3447030094.408754,385152973.9298648
2021-03-02 00:00:00 UTC,13.988907533816093,3964960609.384395,392169147.21975344
2021-03-03 00:00:00 UTC,14.069959960420046,3700205990.229254,224935754.78317645
2021-03-04 00:00:00 UTC,13.10441121958914,3718721660.858992,195906715.25214997
2021-03-05 00:00:00 UTC,12.645247282208564,3463528898.9416757,144429407.2488592
2021-03-06 00:00:00 UTC,13.08150126138592,3338420891.644615,114267372.73618028
2021-03-07 00:00:00 UTC,13.89162834773366,3455484976.176569,151935238.96781746
2021-03-08 00:00:00 UTC,13.66025069591748,3676237899.899651,176332256.70783716
2021-03-09 00:00:00 UTC,14.897704702248724,3625748807.232539,134390180.36537006
2021-03-10 00:00:00 UTC,14.218985564052996,3956246431.709078,168462590.39817744
2021-03-11 00:00:00 UTC,16.029014033781525,3793522853.342628,146576994.24153873
2021-03-12 00:00:00 UTC,14.575998766250224,4267438206.264067,300083706.57449883
2021-03-13 00:00:00 UTC,15.309342857593348,3904039878.018883,234576067.07372215
2021-03-14 00:00:00 UTC,14.502088795865626,4092163114.4777856,186012247.62296936
2021-03-15 00:00:00 UTC,14.176266402739891,3874070722.349474,112028814.6626632
2021-03-16 00:00:00 UTC,13.802552445184515,3802503168.319744,133100062.10292952
2021-03-17 00:00:00 UTC,14.32812701086952,3688810598.824634,146047031.98422462
2021-03-18 00:00:00 UTC,14.256672670255668,3811735158.438874,119353991.11549424
2021-03-19 00:00:00 UTC,14.193840367800036,3818502582.108464,99850682.48499048
2021-03-20 00:00:00 UTC,14.247846971502808,3794114674.3215623,86833185.49419734
2021-03-21 00:00:00 UTC,14.338376668040944,3827195162.447837,86206305.804469
2021-03-22 00:00:00 UTC,14.785550990592304,3834942466.0735703,79454631.23947406
2021-03-23 00:00:00 UTC,14.174141387393728,3974092549.1501017,325548551.6376491
2021-03-24 00:00:00 UTC,13.60393816401807,3793047630.815864,132911013.7256952
2021-03-25 00:00:00 UTC,12.985423018982956,3673111725.425858,147906709.02353978
2021-03-26 00:00:00 UTC,14.781770708908446,3458196577.606995,142831192.06452575
2021-03-27 00:00:00 UTC,16.529808272015387,3952457817.8285327,184391571.95840463
2021-03-28 00:00:00 UTC,18.0125537504907,4447942286.041741,282292616.5002212
2021-03-29 00:00:00 UTC,18.893462014034693,4822989923.695252,537263625.4322193
2021-03-30 00:00:00 UTC,19.18702121450753,5060496028.96088,266741018.9239672
2021-03-31 00:00:00 UTC,19.466901674068783,5140859722.050636,320724595.68401986
2021-04-01 00:00:00 UTC,19.0499883624216,5229172252.453522,254764708.66276157
2021-04-02 00:00:00 UTC,19.761353665536166,5115358904.3969,211372099.5634694
2021-04-03 00:00:00 UTC,22.42217704610655,5287278539.188044,162360132.83288538
2021-04-04 00:00:00 UTC,23.97206653371685,6076766593.933186,601822826.9538265
2021-04-05 00:00:00 UTC,23.034751257692022,6459213598.5183325,535025324.68147874
2021-04-06 00:00:00 UTC,25.103570450212057,6143755028.531597,323727635.9815661
2021-04-07 00:00:00 UTC,26.663012316445545,6735088144.518935,406122447.83610815
2021-04-08 00:00:00 UTC,26.977578458881386,7156793604.234599,720345216.0220662
2021-04-09 00:00:00 UTC,27.720404486268567,7241228360.877043,443249300.55385697
2021-04-10 00:00:00 UTC,26.81313137340114,7490997839.352782,357342298.37054724
2021-04-11 00:00:00 UTC,27.90589646895008,7243681262.228849,313386091.6972148
2021-04-12 00:00:00 UTC,28.52731336994844,7535120159.364549,297296015.737983
2021-04-13 00:00:00 UTC,27.534472384771256,7702804516.402933,381767628.1327432
2021-04-14 00:00:00 UTC,26.485542628296873,7431702863.027778,327448667.53525776
2021-04-15 00:00:00 UTC,27.821446559068097,7152788280.458127,428530123.58583814
2021-04-16 00:00:00 UTC,25.313103346143137,7512039079.344206,271371937.5253199
2021-04-17 00:00:00 UTC,24.93317256548215,6835012562.876978,294934567.55250126
2021-04-18 00:00:00 UTC,32.34675264341513,6744797363.057413,256538391.345992
2021-04-19 00:00:00 UTC,31.547663034583547,8839759827.800987,1462249951.916609
2021-04-20 00:00:00 UTC,31.746544984650168,8636876765.15214,1131331825.1552925
2021-04-21 00:00:00 UTC,32.498565995453795,8573388591.699011,973418423.2001137
2021-04-22 00:00:00 UTC,38.97402052637423,8773143780.944248,920530607.8259112
2021-04-23 00:00:00 UTC,37.485761608676,10546870753.411224,2147814653.54806
2021-04-24 00:00:00 UTC,41.0989831987971,10059885978.35193,2188222717.909071
2021-04-25 00:00:00 UTC,47.73300503130261,10995297390.261929,1518983168.9593506
2021-04-26 00:00:00 UTC,44.28271956913086,12847578596.060562,2127837708.5068705
2021-04-27 00:00:00 UTC,43.18476722318385,11982826121.971272,1803797893.267195
2021-04-28 00:00:00 UTC,44.8906527337853,11679836948.396626,883391106.7737764
2021-04-29 00:00:00 UTC,42.5496031668098,12132441412.247925,1325229832.9959464
2021-04-30 00:00:00 UTC,42.86173811088713,11503379402.769909,1008607058.298337
2021-05-01 00:00:00 UTC,49.66021541613839,11593609845.505873,715590306.5683583
2021-05-02 00:00:00 UTC,46.9180196881578,13529941927.251394,1110454882.4313345
2021-05-03 00:00:00 UTC,45.333988332680775,12797334754.013865,731371196.2735173
2021-05-04 00:00:00 UTC,42.58152888257439,12565253616.222002,756343319.0860869
2021-05-05 00:00:00 UTC,44.91471299453977,11623223313.872507,850899812.2805442
2021-05-06 00:00:00 UTC,43.42690704919807,12241618079.957758,631570571.0193156
2021-05-07 00:00:00 UTC,43.00974614908711,11842764153.236223,496148465.9081437
2021-05-08 00:00:00 UTC,45.7322246333725,11743977326.848503,628638172.9172628
2021-05-09 00:00:00 UTC,44.368580475092166,12459295555.338375,569318814.2460381
2021-05-10 00:00:00 UTC,42.96242369046817,12093944513.1447,630402131.1341391
2021-05-11 00:00:00 UTC,44.613490211611435,11713825421.173431,611461224.641207
2021-05-12 00:00:00 UTC,42.25103794566962,12178752451.350945,589808860.7030773
2021-05-13 00:00:00 UTC,41.14794112242545,11892861605.720396,1357082930.3457031
2021-05-14 00:00:00 UTC,42.76358212903213,11207601635.480043,1217107057.5949645
2021-05-15 00:00:00 UTC,43.24237800133469,11666990831.233677,534238644.7782925
2021-05-16 00:00:00 UTC,47.17156520657839,11789477508.553944,614550481.588653
2021-05-17 00:00:00 UTC,46.83758264386558,12860719801.974735,2285721738.024472
2021-05-18 00:00:00 UTC,55.98886057648871,12769663757.109896,2105748838.9729264
2021-05-19 00:00:00 UTC,35.60667609069492,15352003074.886765,2053976977.455778
2021-05-20 00:00:00 UTC,44.896866103473585,9677385314.776194,2869067228.5724854
2021-05-21 00:00:00 UTC,38.6980867790646,12139359441.2835,2568179031.437323
2021-05-22 00:00:00 UTC,31.412184093228948,10518188132.549316,1839968491.055134
2021-05-23 00:00:00 UTC,24.7202664984483,8564127482.77276,1128303818.7178924
2021-05-24 00:00:00 UTC,31.159881911077512,6739662325.691719,1985997159.695112
2021-05-25 00:00:00 UTC,30.022374538058315,8495340541.82928,1355519237.7312858
2021-05-26 00:00:00 UTC,35.69310645157704,8185213804.821197,921682868.0682756
2021-05-27 00:00:00 UTC,33.653984590077805,9731265836.21976,1116475796.925252
2021-05-28 00:00:00 UTC,29.099530257257097,9175325519.463732,680498177.3419167
2021-05-29 00:00:00 UTC,27.40359937481153,7912460499.424066,628396639.4710193
2021-05-30 00:00:00 UTC,28.587889856603457,7513116847.261251,400359693.57685024
2021-05-31 00:00:00 UTC,32.65148392694685,7786190305.535411,384988061.1544636
2021-06-01 00:00:00 UTC,31.00192408434985,8902006623.358435,556357956.6449085
2021-06-02 00:00:00 UTC,34.12598807188629,8466375153.864945,451785369.54308385
2021-06-03 00:00:00 UTC,39.61696499979505,9304011190.5563,522329018.6277941
2021-06-04 00:00:00 UTC,37.27461098647948,10843305305.99513,993198645.2998056
2021-06-05 00:00:00 UTC,39.728714371503294,10205842598.04677,1099102899.606929
2021-06-06 00:00:00 UTC,42.37771426572605,10824698875.199442,1155397261.8401854
2021-06-07 00:00:00 UTC,38.527827669678075,11520026478.129295,828410364.1587987
2021-06-08 00:00:00 UTC,41.40395893457861,10442214141.40964,961378015.3794148
2021-06-09 00:00:00 UTC,42.1079871471495,11279695654.799454,1824226966.4009116
2021-06-10 00:00:00 UTC,41.04914418322541,11544497584.210085,1267911845.6103947
2021-06-11 00:00:00 UTC,35.91171869255095,11231058225.872488,629108352.0550405
2021-06-12 00:00:00 UTC,36.56488991789202,9839577618.426985,557460242.6368057
2021-06-13 00:00:00 UTC,38.83915216386887,9969896607.443089,579362147.2564987
2021-06-14 00:00:00 UTC,39.69753725028801,10582649616.368694,488873354.34012127
2021-06-15 00:00:00 UTC,39.48179767734726,10805685426.09052,603325153.5662498
2021-06-16 00:00:00 UTC,39.585362601135266,10820572700.617838,507607063.58165103
2021-06-17 00:00:00 UTC,39.30364502941398,10781816203.272686,637050730.4124725
2021-06-18 00:00:00 UTC,36.67452525547399,10638298323.849005,472823142.3356509
2021-06-19 00:00:00 UTC,35.36836801086819,9991062374.721312,482818722.04372096
2021-06-20 00:00:00 UTC,35.368215744616094,9626472722.485432,302034137.22311795
2021-06-21 00:00:00 UTC,26.415660040956393,9611623563.108702,507766837.92839265
2021-06-22 00:00:00 UTC,26.85162801133274,7247836857.577693,834641999.6419324
2021-06-23 00:00:00 UTC,30.891936648337207,7157859824.732246,1374325157.4860413
2021-06-24 00:00:00 UTC,31.42926812341227,8420448981.459043,1200738321.5978053
2021-06-25 00:00:00 UTC,29.190423041612146,8568697130.255189,732774889.0544786
2021-06-26 00:00:00 UTC,29.724122514817623,7985242401.768215,737208216.0807208
2021-06-27 00:00:00 UTC,31.868423397437116,8102053943.386555,648848650.9515649
2021-06-28 00:00:00 UTC,33.14913549921445,8642055828.744215,573832634.9592153
2021-06-29 00:00:00 UTC,33.8242916876164,9040653316.656572,673698795.1101599
2021-06-30 00:00:00 UTC,35.58645461368472,9355893411.033451,642374088.1909962
2021-07-01 00:00:00 UTC,33.52276046847092,9718007912.042055,785890031.7725443
2021-07-02 00:00:00 UTC,34.10456674213606,9145093164.974163,661972407.434274
2021-07-03 00:00:00 UTC,34.57768523962578,9219660440.797184,609667879.570047
2021-07-04 00:00:00 UTC,34.384044338471114,9395489549.381342,462651964.52600014
2021-07-05 00:00:00 UTC,33.080424797865774,9396692749.038609,425594612.1040399
2021-07-06 00:00:00 UTC,34.31483587340412,9033978686.400784,436955783.1254189
2021-07-07 00:00:00 UTC,36.67675597115286,9343669279.576614,503971262.03079635
2021-07-08 00:00:00 UTC,32.95345591301848,9995196544.250605,727438586.1886611
2021-07-09 00:00:00 UTC,33.500989989290275,8960171526.52798,677668787.2392175
2021-07-10 00:00:00 UTC,31.913545761095165,9138440436.827875,454020807.7926228
2021-07-11 00:00:00 UTC,32.14700567511777,8716478997.829847,415714563.4504656
2021-07-12 00:00:00 UTC,30.954215973167702,8760359617.466415,295075099.0889671
2021-07-13 00:00:00 UTC,29.161041562642993,8429306463.204107,312789349.3736112
2021-07-14 00:00:00 UTC,31.323211846034095,7953342249.0019,271388253.4543444
2021-07-15 00:00:00 UTC,28.43013802743736,8518135238.144929,476708551.98667896
2021-07-16 00:00:00 UTC,26.30544877464683,7712932810.684437,468635285.50017536
2021-07-17 00:00:00 UTC,26.804182651900646,7168957057.321149,371488397.5302689
2021-07-18 00:00:00 UTC,26.80020892559412,7314497718.903992,292614481.0895002
2021-07-19 00:00:00 UTC,24.616351116589907,7331794881.762145,226513412.8661393
2021-07-20 00:00:00 UTC,23.704126869874564,6774142705.91918,368030220.38655907
2021-07-21 00:00:00 UTC,26.77612419391261,6500208589.083082,420361252.4123491
2021-07-22 00:00:00 UTC,27.736005957300108,7243897344.253764,574091542.3212141
2021-07-23 00:00:00 UTC,28.57383587430287,7561860534.399218,368910959.0059587
2021-07-24 00:00:00 UTC,28.69035860251374,7713349030.470103,414500739.9988331
2021-07-25 00:00:00 UTC,28.33093448719632,7794117620.737434,360762130.0272142
2021-07-26 00:00:00 UTC,28.159201262643094,7718142916.945531,316949973.19706815
2021-07-27 00:00:00 UTC,28.101963736066825,7706970297.480305,756773552.9644516
2021-07-28 00:00:00 UTC,27.88165623244883,7661024102.102568,384409355.9979156
2021-07-29 00:00:00 UTC,31.25161238517813,7595729558.871121,314852201.03978246
2021-07-30 00:00:00 UTC,32.276207837708306,8603692851.645973,491595223.51070666
2021-07-31 00:00:00 UTC,36.23556551566207,8782089188.680168,674855649.9144655
2021-08-01 00:00:00 UTC,34.13739167943554,9870964496.720772,580213542.5628964
2021-08-02 00:00:00 UTC,33.169436052067034,9272656715.856789,541319202.576558
2021-08-03 00:00:00 UTC,34.02542689877635,9065664714.893509,459712209.7347414
2021-08-04 00:00:00 UTC,35.79421451378224,9368039157.991346,539951057.5799707
2021-08-05 00:00:00 UTC,37.3915458730933,9803376069.99858,444059901.2789071
2021-08-06 00:00:00 UTC,39.53168748250323,10217649265.24856,642714903.2271986
2021-08-07 00:00:00 UTC,39.54435604668721,10788517295.598757,627926359.5408931
2021-08-08 00:00:00 UTC,37.813866131388274,10716940358.77982,582373476.5253077
2021-08-09 00:00:00 UTC,38.72456070663556,10255234460.072693,381148025.54576063
2021-08-10 00:00:00 UTC,40.687001425545006,10540000830.327097,399450716.408008
2021-08-11 00:00:00 UTC,41.731007901408915,11060502356.763584,511644197.9901333
2021-08-12 00:00:00 UTC,41.15466186729965,11863736940.731256,516039444.99397177
2021-08-13 00:00:00 UTC,44.64781813374288,11719191265.4597,489929079.41538227
2021-08-14 00:00:00 UTC,44.121078121383775,12659136195.430464,539802922.758547
2021-08-15 00:00:00 UTC,53.59318769652198,12618552021.538609,370323979.57194513
2021-08-16 00:00:00 UTC,62.21693517752124,15290073919.010555,1457970969.077511
2021-08-17 00:00:00 UTC,64.14486979115767,18474853367.365612,3738651847.764427
2021-08-18 00:00:00 UTC,73.53458995123768,18770890602.314026,4076478351.1233106
2021-08-19 00:00:00 UTC,73.09318466466142,21274810508.661808,4539870270.557527
2021-08-20 00:00:00 UTC,78.54130568956381,20809209324.240616,2741995997.037591
2021-08-21 00:00:00 UTC,74.01354607704367,22425622491.819256,1819045546.808239
2021-08-22 00:00:00 UTC,73.10182309651617,21281170312.308853,1499778938.1319685
2021-08-23 00:00:00 UTC,75.80193298519171,20991469522.08777,1005611014.1113688
2021-08-24 00:00:00 UTC,70.68017380827278,22022469783.777603,1375082596.3795714
2021-08-25 00:00:00 UTC,71.67480960874309,20724670218.176235,2176049055.2723384
2021-08-26 00:00:00 UTC,75.8200553294858,20802776475.036793,1530346590.1233788
2021-08-27 00:00:00 UTC,88.0116687691789,22031093822.955566,2681803261.051313
2021-08-28 00:00:00 UTC,96.68652318012276,25629594571.27215,3169230108.455738
2021-08-29 00:00:00 UTC,94.0214192217638,28130377917.74558,2373303934.817371
2021-08-30 00:00:00 UTC,110.14012457124348,27304152716.88658,1618834441.1503825
2021-08-31 00:00:00 UTC,108.60683020284064,31920673369.62922,4867720246.719077
2021-09-01 00:00:00 UTC,111.07500570105805,31632430274.413536,7090833257.425214
2021-09-02 00:00:00 UTC,128.4777441760435,32218252304.33078,3718894953.69825
2021-09-03 00:00:00 UTC,145.79207731553242,37338512656.086975,4621635426.430689
2021-09-04 00:00:00 UTC,139.3118146458031,42631901368.7028,6799213639.965471
2021-09-05 00:00:00 UTC,142.01525465190068,40612064511.62561,3548892754.194817
2021-09-06 00:00:00 UTC,164.20449802822037,41412015757.628494,2515848338.390258
2021-09-07 00:00:00 UTC,173.6274187030134,47918321659.74484,5230243618.936852
2021-09-08 00:00:00 UTC,189.00099003804007,50880060153.5369,16177279286.08394
2021-09-09 00:00:00 UTC,188.22804994579903,55627271034.27753,12005488238.234377
2021-09-10 00:00:00 UTC,178.9058439709905,55264334912.28869,12140907861.279728
2021-09-11 00:00:00 UTC,178.67174682499424,52325632036.02054,7021250683.346305
2021-09-12 00:00:00 UTC,174.9321253220365,52220905554.677574,5370369368.599206
2021-09-13 00:00:00 UTC,169.0564925176652,51473851354.0501,3013650139.199666
2021-09-14 00:00:00 UTC,158.81815643470054,49653193581.09068,6269546836.045956
2021-09-15 00:00:00 UTC,158.6029222575254,46493824080.66087,5650223865.296229
2021-09-16 00:00:00 UTC,152.10667392676407,47039523803.367584,3908476040.702032
2021-09-17 00:00:00 UTC,148.325338849554,45094080634.83586,3171404253.898844
2021-09-18 00:00:00 UTC,170.14402772562445,43906621683.99821,4669977208.308708
2021-09-19 00:00:00 UTC,153.1481726573926,50565779823.43124,5340836819.353993
2021-09-20 00:00:00 UTC,133.1501020901481,45589411995.17647,3389512166.9032702
2021-09-21 00:00:00 UTC,123.53238165980822,39478971644.30225,5675923144.581854
2021-09-22 00:00:00 UTC,148.18308365739833,36248052948.59296,5339628654.157851
2021-09-23 00:00:00 UTC,150.28455607349682,44125796474.8162,4930306969.941765
2021-09-24 00:00:00 UTC,139.485438688109,44686382478.55573,3398897202.758035
2021-09-25 00:00:00 UTC,136.41873531201017,41548029058.16029,3868971256.0201254
2021-09-26 00:00:00 UTC,135.96811460070032,40572796552.98121,2041802312.305296
2021-09-27 00:00:00 UTC,135.75312835362382,40356234736.375404,2684519149.604847
2021-09-28 00:00:00 UTC,131.0448723726437,40527626138.92093,2981495429.1679935
2021-09-29 00:00:00 UTC,135.50266662542987,39030320223.35616,2414650764.9092436
2021-09-30 00:00:00 UTC,141.23956398439438,40196990252.30242,2423586831.427598
2021-10-01 00:00:00 UTC,161.5344945599609,42018890336.78696,2213322711.4556437
2021-10-02 00:00:00 UTC,169.45612117009065,47883980396.73367,4151789777.6182594
2021-10-03 00:00:00 UTC,172.93386165458614,50355827427.96756,3299451965.794094
2021-10-04 00:00:00 UTC,167.28916404048758,51567116629.13389,2950641353.401663
2021-10-05 00:00:00 UTC,164.2863364968836,50072719494.08351,3097357322.5773997
2021-10-06 00:00:00 UTC,154.10993972399854,48955082974.878685,2545699076.9307504
2021-10-07 00:00:00 UTC,154.35510005078692,46002942256.337265,3195549400.762877
2021-10-08 00:00:00 UTC,158.8106997645782,46145608847.85937,2497544354.940339
2021-10-09 00:00:00 UTC,156.88178201930418,47345863609.85284,2712427430.7537794
2021-10-10 00:00:00 UTC,147.87558564210835,47177850270.14671,1448368599.4610918
2021-10-11 00:00:00 UTC,144.88921402754346,44343249688.30569,1503497480.955257
2021-10-12 00:00:00 UTC,152.29903541414447,43203031420.33364,1699678627.2419472
2021-10-13 00:00:00 UTC,148.51750854268968,45622740431.63671,2781026684.0020905
2021-10-14 00:00:00 UTC,150.04626367599732,44499473671.88846,1969100918.780821
2021-10-15 00:00:00 UTC,162.62643562537255,45055469428.5288,1887741971.1853173
2021-10-16 00:00:00 UTC,157.68287675302315,48823858407.19429,3875749214.080407
2021-10-17 00:00:00 UTC,159.72895452123797,47496398053.759094,1445403341.83598
2021-10-18 00:00:00 UTC,157.23349827753484,47919023512.03581,2136904058.7605343
2021-10-19 00:00:00 UTC,156.3060847784841,47243856329.811134,1619143092.5879447
2021-10-20 00:00:00 UTC,177.28426101336208,46992561227.938385,1345451129.39826
2021-10-21 00:00:00 UTC,189.32041089305525,52336972845.39368,3139000148.1358924
2021-10-22 00:00:00 UTC,197.3772002014109,56745796681.7565,6313654346.419033
2021-10-23 00:00:00 UTC,198.5380985982478,59570438795.92708,6765131638.404523
2021-10-24 00:00:00 UTC,203.22145805961537,59635176948.857414,2925370534.9877944
2021-10-25 00:00:00 UTC,210.73773254690008,60949072513.08539,3119068858.260222
2021-10-26 00:00:00 UTC,200.2458384049174,63765586638.26856,4435654371.384577
2021-10-27 00:00:00 UTC,183.64903971680644,60474514072.54135,3048308444.7236004
2021-10-28 00:00:00 UTC,195.4257778214934,55282416869.143555,4850199105.424549
2021-10-29 00:00:00 UTC,200.42004644336205,58854908858.81053,3352006726.5260677
2021-10-30 00:00:00 UTC,194.3316502519163,60296944148.15687,2687307606.5118957
2021-10-31 00:00:00 UTC,202.6568063338772,58207049317.824005,1687880882.885101
2021-11-01 00:00:00 UTC,203.61835869279489,61090424896.042694,2463477345.9670897
2021-11-02 00:00:00 UTC,220.91905921925965,61206174446.06882,3066076649.045686
2021-11-03 00:00:00 UTC,242.3438286252105,66483088740.38114,2933828456.618452
2021-11-04 00:00:00 UTC,248.71294385894643,72820184828.91289,5873259373.432691
2021-11-05 00:00:00 UTC,237.40600441824387,74897375077.0066,4407916327.231359
2021-11-06 00:00:00 UTC,258.9304446539482,71642292583.50812,2808067247.329005
2021-11-07 00:00:00 UTC,250.91581351612876,77427308372.12741,3889737920.466229
2021-11-08 00:00:00 UTC,248.71295462079317,75738472890.52711,2652641336.454294
2021-11-09 00:00:00 UTC,239.41142190067472,75445282061.2759,3170584433.714469
2021-11-10 00:00:00 UTC,233.3478019249582,72450527513.9378,2652484788.662293
2021-11-11 00:00:00 UTC,234.5354710476576,70391383039.29988,3795893644.660827
2021-11-12 00:00:00 UTC,230.38366905061136,71231238187.65797,2638009026.080136
2021-11-13 00:00:00 UTC,241.7364934524351,69321107450.57858,2936431919.177638
2021-11-14 00:00:00 UTC,239.8915165590252,72948327032.41917,2160024397.471723
2021-11-15 00:00:00 UTC,238.11997006645947,72218517508.24437,1602216779.4313867
2021-11-16 00:00:00 UTC,219.74611044475637,72198022029.53314,2335945422.469364
2021-11-17 00:00:00 UTC,219.2156294942972,66832143637.96159,3428907790.126577
2021-11-18 00:00:00 UTC,196.4630915304043,66086823807.616,2862872583.951768
2021-11-19 00:00:00 UTC,215.867195715677,59207688100.70473,3776429482.526992
2021-11-20 00:00:00 UTC,218.4401191922866,65546538923.16124,3258880393.937807
2021-11-21 00:00:00 UTC,232.63698716461587,66281609248.12345,1866145404.7384727
2021-11-22 00:00:00 UTC,215.91639107160313,71043502688.01355,2578353595.7742767
2021-11-23 00:00:00 UTC,222.0348063611576,65724676692.43798,3141995626.0756574
2021-11-24 00:00:00 UTC,205.8355523378642,67460644771.47538,2128454200.1004336
2021-11-25 00:00:00 UTC,210.06584129059723,62499229710.308815,2051774981.4646823
2021-11-26 00:00:00 UTC,192.23119227517864,63788160144.551445,2212664040.894721
2021-11-27 00:00:00 UTC,192.55241458086655,58421433780.23995,3246386370.614149
2021-11-28 00:00:00 UTC,200.60792623691623,58410646819.21711,1354503816.2406728
2021-11-29 00:00:00 UTC,204.34749781811664,60949810763.42599,1937013473.074206
2021-11-30 00:00:00 UTC,208.43378803794755,62166527717.82521,1999400540.979716
2021-12-01 00:00:00 UTC,229.3627668795169,63803713417.46822,2678749910.169287
2021-12-02 00:00:00 UTC,233.5249718698795,70150738557.04865,3375752563.8700137
2021-12-03 00:00:00 UTC,212.16637202468863,71346688677.13255,4008427438.107567
2021-12-04 00:00:00 UTC,201.26229590263657,64877203741.627365,3746112330.145463
2021-12-05 00:00:00 UTC,196.7479299894353,61415899012.62513,5592493647.938385
2021-12-06 00:00:00 UTC,194.3782071330618,59802410642.4824,3270070397.272558
2021-12-07 00:00:00 UTC,190.11000523727617,59326868159.54466,3377140642.858755
2021-12-08 00:00:00 UTC,194.3234806860791,58451524525.26533,2387236489.279165
2021-12-09 00:00:00 UTC,181.62456561918913,59724925383.12539,2181609088.881957
2021-12-10 00:00:00 UTC,168.68622676396365,55812944634.28853,1845188687.087528
2021-12-11 00:00:00 UTC,171.6442555708957,52034235362.75159,1962186298.6157176
2021-12-12 00:00:00 UTC,173.53054594498167,52792470234.876755,1727408283.129365
2021-12-13 00:00:00 UTC,154.78087540907973,53401972548.64807,1092911276.1090624
2021-12-14 00:00:00 UTC,161.2352859574293,47711365800.54699,2355798022.3677554
2021-12-15 00:00:00 UTC,178.3827967427155,49398872819.44277,2162753196.6617966
2021-12-16 00:00:00 UTC,176.91838842949113,54904524413.67309,3433712183.6245313
2021-12-17 00:00:00 UTC,175.41624202494256,54445176144.54208,2440972394.0807633
2021-12-18 00:00:00 UTC,182.8352856380748,54092806967.40484,2374754966.9703484
2021-12-19 00:00:00 UTC,179.76645424982,56309375370.4937,1426499656.9484615
2021-12-20 00:00:00 UTC,174.59601786430986,55429824237.522026,1435118198.0307598
2021-12-21 00:00:00 UTC,179.82131746703325,53769429971.773,1707078112.6041574
2021-12-22 00:00:00 UTC,178.50565791363616,55431977209.650475,1554899569.213421
2021-12-23 00:00:00 UTC,190.5424098110979,55058052155.04185,1634861866.4812958
2021-12-24 00:00:00 UTC,190.5923126343905,58812016496.61701,1900791022.3689249
2021-12-25 00:00:00 UTC,192.49227107205456,58852086815.42499,1990806156.72666
2021-12-26 00:00:00 UTC,198.23193792584615,59468528543.3172,1236747438.7354994
2021-12-27 00:00:00 UTC,195.77258244505404,61198787207.68108,1745127186.275947
2021-12-28 00:00:00 UTC,177.47962232459415,60810349839.61329,1634278791.265729
2021-12-29 00:00:00 UTC,171.48652960336605,55033449071.153496,2520416585.1619015
2021-12-30 00:00:00 UTC,172.59944508631685,53049190480.86992,1922311478.872456
2021-12-31 00:00:00 UTC,170.06080181241822,53261290659.86848,1375150028.3790972
2022-01-01 00:00:00 UTC,178.95625260709429,52635041488.95887,1380541272.152583
2022-01-02 00:00:00 UTC,176.31809802318892,55400319673.54025,959944691.0449458
2022-01-03 00:00:00 UTC,170.63159936510394,54563069821.43291,816533518.1266148
2022-01-04 00:00:00 UTC,168.07363143277195,52886550470.82176,1148148652.1639297
2022-01-05 00:00:00 UTC,155.25603524004174,52272480718.14088,1361011180.017135
2022-01-06 00:00:00 UTC,150.7056526055909,48184360964.1156,1983564575.015941
2022-01-07 00:00:00 UTC,136.97018555972448,46636676908.740616,1912579969.663237
2022-01-08 00:00:00 UTC,142.11972711116206,42626072953.87595,2706057561.23327
2022-01-09 00:00:00 UTC,141.34507303396606,44327983284.81077,2479696269.6609116
2022-01-10 00:00:00 UTC,135.87439576564378,43890397664.746,1359405680.1426296
2022-01-11 00:00:00 UTC,140.9023002461085,42359506212.94904,1789785295.2276566
2022-01-12 00:00:00 UTC,151.79081945432088,43773531040.16451,1405424764.6641054
2022-01-13 00:00:00 UTC,146.30281546833598,47325090613.24897,2042804465.5213256
2022-01-14 00:00:00 UTC,146.45407362329428,45924153329.20764,1982354922.664572
2022-01-15 00:00:00 UTC,147.80528459086293,45988196976.66882,1610372619.5477626
2022-01-16 00:00:00 UTC,147.8906082349797,46412400684.47426,1002488722.3413556
2022-01-17 00:00:00 UTC,140.0851660905095,46450557289.26664,1065565222.1300756
2022-01-18 00:00:00 UTC,141.68428816737725,44032309573.9257,1332464486.8327284
2022-01-19 00:00:00 UTC,135.58112528127262,44575080930.62185,1287984944.384523
2022-01-20 00:00:00 UTC,127.85354219628,42848572759.496826,1313555788.6976962
2022-01-21 00:00:00 UTC,111.93345144791284,40727678847.05303,1385599801.6938994
2022-01-22 00:00:00 UTC,94.64818478390212,35070043876.86985,3856635443.451201
2022-01-23 00:00:00 UTC,99.19477509735516,29769376058.45678,4104201241.171244
2022-01-24 00:00:00 UTC,91.84005289567894,31399227221.73427,2592358771.1535773
2022-01-25 00:00:00 UTC,94.67026192892408,28909954628.237045,4336715611.573744
2022-01-26 00:00:00 UTC,92.12655975964962,29830831700.285473,2616801274.15942
2022-01-27 00:00:00 UTC,89.77805341182416,29042253987.741978,2874788233.822517
2022-01-28 00:00:00 UTC,91.42064948993183,28277119561.53377,2437637701.770628
2022-01-29 00:00:00 UTC,96.3466330722473,28786945733.928276,1873307169.7285583
2022-01-30 00:00:00 UTC,93.50462376817322,30216232718.877556,1483162325.1644385
2022-01-31 00:00:00 UTC,99.44242015738084,29431162794.02698,937904913.8997751
2022-02-01 00:00:00 UTC,110.4370715234549,31312577093.307453,1706277839.533321
2022-02-02 00:00:00 UTC,102.01348545079982,34677446830.067,3096478102.1139054
2022-02-03 00:00:00 UTC,101.61220111857608,32106568117.008183,2976822761.1331315
2022-02-04 00:00:00 UTC,112.28034072311488,31833368519.65007,2303862655.259165
2022-02-05 00:00:00 UTC,113.96224465844251,35477608788.57265,2833429486.688629
2022-02-06 00:00:00 UTC,115.2570701466139,36087037718.41055,2081510785.1749716
2022-02-07 00:00:00 UTC,117.79289367179574,36544330504.823875,1291354508.797962
2022-02-08 00:00:00 UTC,113.53878435865676,37290327723.88756,2214964235.864668
2022-02-09 00:00:00 UTC,114.1133500947584,36035291393.12868,2396082435.1354136
2022-02-10 00:00:00 UTC,106.36955412129396,36294064610.281944,1653938181.9698737
2022-02-11 00:00:00 UTC,96.38551569767904,33826915836.727123,1943797955.5869815
2022-02-12 00:00:00 UTC,95.9814820884106,30643837569.569885,1580200263.5753503
2022-02-13 00:00:00 UTC,93.12032547071354,30347618773.26294,1337747636.8647013
2022-02-14 00:00:00 UTC,96.54612822794309,29611486513.333138,907119154.4776436
2022-02-15 00:00:00 UTC,104.84114920300632,30803495251.444843,1378150871.1299062
2022-02-16 00:00:00 UTC,101.9312919783446,33579862333.60316,1620596046.6699102
2022-02-17 00:00:00 UTC,93.5585987119614,32534402403.36332,1456972334.4992716
2022-02-18 00:00:00 UTC,90.04209319489782,29877861939.979862,1468129911.290673
2022-02-19 00:00:00 UTC,91.48845631722403,28782869199.347458,1286607594.8604836
2022-02-20 00:00:00 UTC,90.92375356947956,29262166215.6405,832722530.0866038
2022-02-21 00:00:00 UTC,83.30074138112002,29012003079.66799,1422253605.6763985
2022-02-22 00:00:00 UTC,86.50865841815454,26603459852.467243,2236254691.101494
2022-02-23 00:00:00 UTC,84.99282776398813,27744256745.686615,1570538016.8258362
2022-02-24 00:00:00 UTC,89.3562535232543,27294663661.65063,1765933487.168513
2022-02-25 00:00:00 UTC,92.8254770015574,28497445445.309517,4104272002.3103447
2022-02-26 00:00:00 UTC,90.2779154029476,29697592224.9775,2425095909.9752245
2022-02-27 00:00:00 UTC,85.6629314156575,28767659413.525894,1315765912.7294877
2022-02-28 00:00:00 UTC,99.63530025786017,27360038516.30834,1563023313.591508
2022-03-01 00:00:00 UTC,98.53561578928728,31846087892.82589,2653382692.7351007
2022-03-02 00:00:00 UTC,101.01280216975172,31607637366.974545,2430617259.4498205
2022-03-03 00:00:00 UTC,95.61668232057134,31973154795.526756,2928251654.9762893
2022-03-04 00:00:00 UTC,88.26557542184084,30648806221.727955,1794408668.201066
2022-03-05 00:00:00 UTC,89.68527351900241,28322858274.328014,2010720273.839259
2022-03-06 00:00:00 UTC,84.61462700501015,28783379234.739304,1167047799.2910874
2022-03-07 00:00:00 UTC,82.1149557561022,27187800294.9758,1144547936.680497
2022-03-08 00:00:00 UTC,82.26715840336135,26300808792.830048,1870116388.188094
2022-03-09 00:00:00 UTC,87.93960590813488,26438461236.496983,1704971316.6537666
2022-03-10 00:00:00 UTC,82.91437362648568,28436758958.754883,2075756553.1621456
2022-03-11 00:00:00 UTC,80.78949294863473,26775542375.479008,1691783541.5777764
2022-03-12 00:00:00 UTC,81.42312394579795,25790850146.59995,1387799122.1484303
2022-03-13 00:00:00 UTC,78.82858149917183,26047439708.15846,782504060.6218728
2022-03-14 00:00:00 UTC,81.31948239491099,25197028736.131584,961164657.1458498
2022-03-15 00:00:00 UTC,82.89677314254783,26242647245.06295,1279633179.6772318
2022-03-16 00:00:00 UTC,87.86042099711622,26782829080.299408,1252967203.614114
2022-03-17 00:00:00 UTC,87.77285133578212,27984951680.550423,1870236508.524299
2022-03-18 00:00:00 UTC,89.91867815057282,28169659226.47732,1945977707.8030465
2022-03-19 00:00:00 UTC,92.34897442222356,28789906326.225243,2194780400.034626
2022-03-20 00:00:00 UTC,88.63396815772349,29588275051.609898,1477618082.7104185
2022-03-21 00:00:00 UTC,88.5398089675711,28382501708.024555,948548420.7105768
2022-03-22 00:00:00 UTC,90.42353006267024,28423869279.563854,1152303245.375815
2022-03-23 00:00:00 UTC,94.89994811347717,29012628555.111027,1408069208.0892456
2022-03-24 00:00:00 UTC,102.24521384302338,30612053298.879955,1435940505.8942242
2022-03-25 00:00:00 UTC,98.62091477583688,32979523332.775997,2393693135.504359
2022-03-26 00:00:00 UTC,101.69586702132794,32037874846.089703,1759931528.200572
2022-03-27 00:00:00 UTC,106.88451370909848,33039118049.31733,1015807835.9391024
2022-03-28 00:00:00 UTC,106.20331266266096,34724607204.23652,1302043908.906207
2022-03-29 00:00:00 UTC,111.2314279698808,34539897655.51789,2423668251.6987753
2022-03-30 00:00:00 UTC,120.49696965720928,36296183974.925224,2377243868.865681
2022-03-31 00:00:00 UTC,122.74135224799365,39263246201.19865,3195334928.193626
2022-04-01 00:00:00 UTC,134.43448260840054,39966932226.607254,3446994543.5690527
2022-04-02 00:00:00 UTC,132.5419237238667,43736096533.81698,3846243593.115467
2022-04-03 00:00:00 UTC,136.7632457743045,43144659967.42715,2999901144.570147
2022-04-04 00:00:00 UTC,132.38806993031275,44426659281.57661,2269184975.9052644
2022-04-05 00:00:00 UTC,126.69384947059072,43072219169.516655,2472112020.908156
2022-04-06 00:00:00 UTC,113.14505601428756,41260174769.58038,2141637416.8759017
2022-04-07 00:00:00 UTC,118.63824764003031,36709347229.38287,3242256329.5126586
2022-04-08 00:00:00 UTC,109.99094759348094,38701854607.10641,2348628095.2944326
2022-04-09 00:00:00 UTC,113.10460495456456,36015606490.05339,2308597088.022283
2022-04-10 00:00:00 UTC,111.66522311597843,37007525656.87938,1112146982.439403
2022-04-11 00:00:00 UTC,99.88433830335477,36884144376.64433,1163810169.6603353
2022-04-12 00:00:00 UTC,103.29420521079967,32666077118.118137,2192978992.8566236
2022-04-13 00:00:00 UTC,105.07004239714072,33941121649.55018,2274013450.3433995
2022-04-14 00:00:00 UTC,100.85378313633606,34394710741.73072,1585555601.7296722
2022-04-15 00:00:00 UTC,101.50181403887696,33072735507.89654,1588517121.6374276
2022-04-16 00:00:00 UTC,102.26565393204038,33757895052.66824,994382260.7993892
2022-04-17 00:00:00 UTC,100.32508612935574,34078582967.823833,810791930.8704376
2022-04-18 00:00:00 UTC,102.42420975906836,33459298414.68943,974224952.6931752
2022-04-19 00:00:00 UTC,108.44963183742364,34085624816.502186,1691645738.48337
2022-04-20 00:00:00 UTC,105.54188704220071,36193134011.61831,1793503412.579924
2022-04-21 00:00:00 UTC,101.6500663159342,35191555490.38448,1655486160.459392
2022-04-22 00:00:00 UTC,100.59363078774912,33938888972.2354,1852866145.7239883
2022-04-23 00:00:00 UTC,100.87045873151352,33548623465.14801,1256749719.438481
2022-04-24 00:00:00 UTC,99.17128671058995,33592080514.25994,822530636.9448177
2022-04-25 00:00:00 UTC,101.29344264300204,33080361110.97525,819706761.2331108
2022-04-26 00:00:00 UTC,95.71302246920416,33801680138.345997,1552884412.4891071
2022-04-27 00:00:00 UTC,98.36099074756883,31939778871.26085,1217117366.0698955
2022-04-28 00:00:00 UTC,98.15052624203004,32823482310.33164,1168180593.420825
2022-04-29 00:00:00 UTC,94.09484079716265,32752685623.789955,1173712205.825131
2022-04-30 00:00:00 UTC,85.02162197516616,31428237267.147545,1225977159.552842
2022-05-01 00:00:00 UTC,89.73834617404604,28397898287.003353,1170102043.7373824
2022-05-02 00:00:00 UTC,87.62604980894314,30008765718.782085,1352963770.8176434
2022-05-03 00:00:00 UTC,85.8778828117621,29286163132.3618,1111889647.4181097
2022-05-04 00:00:00 UTC,92.82061835080546,28701842123.32173,887595559.0701824
2022-05-05 00:00:00 UTC,84.71833310669814,31022163048.493896,1327745664.8747668
2022-05-06 00:00:00 UTC,81.76031251495388,28325247048.435432,1696258454.5372536
2022-05-07 00:00:00 UTC,79.0317821069251,27364593962.042664,1446012235.812833
2022-05-08 00:00:00 UTC,75.40091916703479,26490464076.756294,1090962353.8788836
2022-05-09 00:00:00 UTC,65.42816581130081,25283487477.622272,1459622693.523924
2022-05-10 00:00:00 UTC,66.26469147965341,22206625657.513004,2414984083.5925484
2022-05-11 00:00:00 UTC,47.81182815894535,22024152935.787857,3297948488.9382043
2022-05-12 00:00:00 UTC,43.60619591851453,16420636440.70837,3795127861.474377
2022-05-13 00:00:00 UTC,49.739201256911585,14681732705.958372,3843295204.9219856
2022-05-14 00:00:00 UTC,52.53693016663614,16823268226.08354,2488191641.8830705
2022-05-15 00:00:00 UTC,58.845207179976505,17721854276.361,1495158105.7214725
2022-05-16 00:00:00 UTC,53.699516596265426,19857992370.428703,1436151476.154449
2022-05-17 00:00:00 UTC,57.27651455140087,18104184061.050938,1825641442.8568285
2022-05-18 00:00:00 UTC,50.727135988473215,19322575669.590584,1508128076.489132
2022-05-19 00:00:00 UTC,52.05947989986033,17130402958.20604,1511202112.619507
2022-05-20 00:00:00 UTC,49.58463231269403,17655320363.048267,1625544418.462151
2022-05-21 00:00:00 UTC,50.34044491622229,16815986980.006275,1528572949.019683
2022-05-22 00:00:00 UTC,50.17576435819952,17072284945.545404,831134354.6176145
2022-05-24 00:00:00 UTC,49.614451750814766,16953925185.17887,1522061285.2041924
2022-05-25 00:00:00 UTC,47.971170504391026,16840192725.511791,1453517035.3752131
2022-05-26 00:00:00 UTC,43.64884595781509,16335715467.127665,1162929689.0496287
2022-05-27 00:00:00 UTC,41.18255378146011,14763888892.61342,2330396520.820105
2022-05-28 00:00:00 UTC,44.41397200942553,13943985749.54549,2083454920.1766667
2022-05-29 00:00:00 UTC,44.949567873825146,15147901018.996237,1258274305.5898175
2022-05-30 00:00:00 UTC,47.201397324566905,15261732740.731413,1269836585.2866027
2022-05-31 00:00:00 UTC,45.77809384904485,16023711505.988464,1749444359.3551996
2022-06-01 00:00:00 UTC,40.08723167677079,15537703690.958128,1568861801.6253076
2022-06-02 00:00:00 UTC,40.81645846600546,13669200212.93771,1518081223.391633
2022-06-03 00:00:00 UTC,38.27642476410434,13894356026.942022,1633309113.1415703
2022-06-04 00:00:00 UTC,38.95719455003119,13005666979.47401,1350448481.9580593
2022-06-05 00:00:00 UTC,38.458164949534755,13249587936.373535,1119967635.9528866
2022-06-06 00:00:00 UTC,42.295625469871624,13084799544.647589,1071437262.0495265
2022-06-07 00:00:00 UTC,39.45217665068068,14425116035.419508,2024276269.1627803
2022-06-08 00:00:00 UTC,38.84530451454751,13508568426.03568,1810311032.529663
2022-06-09 00:00:00 UTC,39.9691248449839,13274452699.317907,1246256440.2049274
2022-06-10 00:00:00 UTC,37.12178664105338,13674820596.04396,1273937244.8365624
2022-06-11 00:00:00 UTC,33.929095668218416,12668804911.432922,1273464235.198909
2022-06-12 00:00:00 UTC,30.75408525605273,11564737281.66595,1221146573.93335
2022-06-13 00:00:00 UTC,28.46003896880537,10491887083.523949,1435643897.7934017
2022-06-14 00:00:00 UTC,29.475381829832184,9701140959.65118,2359143126.7126083
2022-06-15 00:00:00 UTC,34.87180545795858,10151953477.08707,2223178228.301748
2022-06-16 00:00:00 UTC,30.005630004681965,11849137558.023767,2650173272.301937
2022-06-17 00:00:00 UTC,30.742950307787247,10296415983.302998,1921646701.4134347
2022-06-18 00:00:00 UTC,31.899414505212818,10525476759.110826,1349699832.650103
2022-06-19 00:00:00 UTC,34.25166084069573,10906634976.349178,1980169176.7778907
2022-06-20 00:00:00 UTC,35.37960207002764,11668548379.070122,2072517800.691317
2022-06-21 00:00:00 UTC,36.14879399810922,12160553284.461643,2129804666.769287
2022-06-22 00:00:00 UTC,34.13877828348411,12360022351.807024,1750757340.3835397
2022-06-23 00:00:00 UTC,38.18954232126514,11762783422.768148,1487636674.2873914
2022-06-24 00:00:00 UTC,42.18333627723613,13088633510.584349,1690957509.9801967
2022-06-25 00:00:00 UTC,42.254580057156474,14600518798.303469,1717381449.7105825
2022-06-26 00:00:00 UTC,39.41899348759487,14514125004.972715,1281854560.0603297
2022-06-27 00:00:00 UTC,38.556067561649854,13523527664.973291,1142981315.3136094
2022-06-28 00:00:00 UTC,35.32735166363367,13194503746.05271,1164408037.013772
2022-06-29 00:00:00 UTC,33.962250998883796,12087889411.018717,1287579186.3565726
2022-06-30 00:00:00 UTC,33.19295918112588,11652283141.801249,1313366312.293815
2022-07-01 00:00:00 UTC,32.93657148311641,11418621540.222536,1197293852.245723
2022-07-02 00:00:00 UTC,33.39834717583816,11439454289.183851,1044207623.594381
2022-07-03 00:00:00 UTC,33.442628236861516,11469553349.480673,645430368.4019824
2022-07-04 00:00:00 UTC,36.77394966111323,11480814253.62638,568333680.181169
2022-07-05 00:00:00 UTC,35.4137241311976,12596079600.052696,985199529.3886824
2022-07-06 00:00:00 UTC,37.054721551236405,12138245305.30001,1366609285.2280326
2022-07-07 00:00:00 UTC,38.51231960877862,12738542437.062897,1246531248.643856
2022-07-08 00:00:00 UTC,38.27742856724727,13277309359.948145,1130752078.5347192
2022-07-09 00:00:00 UTC,38.10121034875975,13380490031.557814,1429215467.1239974
2022-07-10 00:00:00 UTC,36.66600579632514,13134459003.717669,649134751.2819917
2022-07-11 00:00:00 UTC,33.44809608562712,12680872339.650648,652942501.2661595
2022-07-12 00:00:00 UTC,32.80370497906735,11600411536.227009,832690639.3424542
2022-07-13 00:00:00 UTC,34.93356291339261,11406193662.951624,823606813.3388758
2022-07-14 00:00:00 UTC,37.12397025202722,12072416721.326193,1214936443.1204507
2022-07-15 00:00:00 UTC,37.38142420660034,12850093050.016483,1319136656.3930128
2022-07-16 00:00:00 UTC,39.535571291612136,12935131394.377815,1224188288.8303342
2022-07-17 00:00:00 UTC,38.69433640570463,13666217564.389095,1067934697.3428231
2022-07-18 00:00:00 UTC,43.39302074631782,13343748298.048103,1080610956.5930989
2022-07-19 00:00:00 UTC,44.8922569738872,14864108116.482191,1794802693.3587084
2022-07-20 00:00:00 UTC,42.071391156682104,15517487195.9682,2369337223.1371107
2022-07-21 00:00:00 UTC,43.046288785018575,14515847290.13026,2007279910.1656897
2022-07-22 00:00:00 UTC,40.61086298557263,14924033761.0846,1838200273.9754453
2022-07-23 00:00:00 UTC,40.03769399432239,14004906061.876736,1328864461.2570398
2022-07-24 00:00:00 UTC,40.97346098954563,13848467737.310776,992787690.206726
2022-07-25 00:00:00 UTC,36.70505452786368,14183557657.951252,1005357122.0287882
2022-07-26 00:00:00 UTC,36.25373149869529,12694337922.664097,1143632982.9295144
2022-07-27 00:00:00 UTC,40.256700858033994,12538834971.994652,1093807795.7572873
2022-07-28 00:00:00 UTC,42.95080159056572,13937087894.394484,1487953074.2455246
2022-07-29 00:00:00 UTC,42.07541360691409,14829428736.730556,2114928418.326955
2022-07-30 00:00:00 UTC,43.79830671521551,14752480667.049614,1425625129.746474
2022-07-31 00:00:00 UTC,42.43010302827539,15161323907.97768,1597081596.0783396
2022-08-01 00:00:00 UTC,41.8063041623065,14746724189.24462,1054002853.8796583
2022-08-02 00:00:00 UTC,39.94968911457149,14458934769.72863,990826224.0972936
2022-08-03 00:00:00 UTC,38.63099535314893,14143900211.320498,971898070.179737
2022-08-04 00:00:00 UTC,38.93126612914915,13397383419.208588,2171777848.425661
2022-08-05 00:00:00 UTC,40.52591334518137,13476593284.194592,1242221245.109882
2022-08-06 00:00:00 UTC,40.09428998321924,14049777792.143517,1152679126.7413907
2022-08-07 00:00:00 UTC,40.66386593508465,13920694614.76366,623469571.831052
2022-08-08 00:00:00 UTC,42.29132588712251,14109217716.689442,607762313.7110354
2022-08-09 00:00:00 UTC,40.38305829574653,14734607933.467686,1108882350.6000164
2022-08-10 00:00:00 UTC,42.42127892456622,14091576296.766705,857796345.5816069
2022-08-11 00:00:00 UTC,42.81992608558484,14682953331.34928,1419055261.7739053
2022-08-12 00:00:00 UTC,45.40125440261286,14901555484.077663,1755810948.0989926
2022-08-13 00:00:00 UTC,46.62007889307875,15769739253.564829,1089805983.6515548
2022-08-14 00:00:00 UTC,44.93390834993314,16256709201.166813,1430242871.7125468
2022-08-15 00:00:00 UTC,43.84687726244536,15678241531.271328,970692328.326902
2022-08-16 00:00:00 UTC,43.2002268151196,15322661204.914495,1165001166.2328625
2022-08-17 00:00:00 UTC,40.52529868872481,15069857156.432714,1090035346.7827928
2022-08-18 00:00:00 UTC,39.6124630880606,14161164134.098574,1252056536.8359113
2022-08-19 00:00:00 UTC,35.91954066184094,13817331314.419868,827397203.9764752
2022-08-20 00:00:00 UTC,35.31394056029061,12530469534.206604,1800038165.28258
2022-08-21 00:00:00 UTC,36.52253604309503,12256688441.221128,983502593.2172744
2022-08-22 00:00:00 UTC,35.47774407585893,12756581409.67985,994911396.1948932
2022-08-23 00:00:00 UTC,35.70865101672176,12396187722.017857,959729727.867398
2022-08-24 00:00:00 UTC,34.99826101853978,12481061524.742058,824744528.2947873
2022-08-25 00:00:00 UTC,35.34314074830629,12214356731.217075,901086308.3399972
2022-08-26 00:00:00 UTC,31.79440641119208,12346020470.353111,661528544.382722
2022-08-27 00:00:00 UTC,31.574624898986947,11046201721.516457,1182333861.402573
2022-08-28 00:00:00 UTC,30.49783843554664,11052608204.778694,735270342.0869184
2022-08-29 00:00:00 UTC,32.51069510344481,10721767532.443155,521112894.3569139
2022-08-30 00:00:00 UTC,31.435669354619023,11387115687.58702,831819478.4998683
2022-08-31 00:00:00 UTC,31.472690129268837,11032381033.17492,729088905.6300423
2022-09-01 00:00:00 UTC,31.621220784024626,10982002954.905945,710836511.9335524
2022-09-02 00:00:00 UTC,31.27708911080207,11037789630.859673,631459208.9838352
2022-09-03 00:00:00 UTC,31.11753120524652,10904364506.21477,628604737.7854203
2022-09-04 00:00:00 UTC,32.2990134025847,10881571364.768291,293754948.40944695
2022-09-05 00:00:00 UTC,32.13785074256321,11245569490.176376,380709675.8333113
2022-09-06 00:00:00 UTC,30.949991281014967,11264121877.829931,512173680.71338105
2022-09-07 00:00:00 UTC,32.788475500837365,10847774390.718712,1209400934.0796423
2022-09-08 00:00:00 UTC,33.60348663476667,11561198627.229544,789480260.2460736
2022-09-09 00:00:00 UTC,34.70333348375499,11847628650.711002,939521312.4719384
2022-09-10 00:00:00 UTC,35.14113891505754,12244442276.894312,1100497703.959292
2022-09-11 00:00:00 UTC,35.06823027887852,12419481830.60969,690656984.7618963
2022-09-12 00:00:00 UTC,37.37318348435214,12331013775.49605,712605847.4982166
2022-09-13 00:00:00 UTC,32.995377375971906,13183798412.03856,1610577776.7205155
2022-09-14 00:00:00 UTC,34.08445919771861,11697896819.864317,1644814059.6924791
2022-09-15 00:00:00 UTC,33.09906398352722,12027439275.115051,936901015.6488808
2022-09-16 00:00:00 UTC,32.22520498093408,11742374385.911652,1028452572.0673888
2022-09-17 00:00:00 UTC,33.73548890102691,11380713338.498137,728326111.482254
2022-09-18 00:00:00 UTC,31.125806237938228,11970489829.73424,476238869.9152008
2022-09-19 00:00:00 UTC,32.66899797637666,11014413847.322668,651646075.9130876
2022-09-20 00:00:00 UTC,31.41339289127847,11598805636.589422,963037296.8883556
2022-09-21 00:00:00 UTC,30.80332588189703,11136148382.136087,799525461.0992067
2022-09-22 00:00:00 UTC,32.456507798045834,10920166914.722515,1181576622.2266583
2022-09-23 00:00:00 UTC,33.70890427683259,11489637349.237127,827340916.6358995
2022-09-24 00:00:00 UTC,33.44279753081673,11974606498.90307,931243342.8959064
2022-09-25 00:00:00 UTC,32.322020363856176,11860550219.011597,840333417.1976544
2022-09-26 00:00:00 UTC,33.86638510578027,11474712536.430689,576759422.4705771
2022-09-27 00:00:00 UTC,32.74236341014824,11924970586.09745,889130903.4850726
2022-09-28 00:00:00 UTC,33.31756889422481,11624824679.709934,1222586000.7961602
2022-09-29 00:00:00 UTC,33.89705134262135,11817378025.545616,951711504.7910634
2022-09-30 00:00:00 UTC,33.27931447007323,12066578261.8937,914177767.2873422
2022-10-01 00:00:00 UTC,32.45343554350901,11808862837.8495,1177220000.4423409
2022-10-02 00:00:00 UTC,32.10278764104054,11538414123.40477,475929949.34540427
2022-10-03 00:00:00 UTC,32.95135536808238,11395149007.96318,517352377.8349775
2022-10-04 00:00:00 UTC,34.1201450519617,11735344819.59952,621101063.1904995
2022-10-05 00:00:00 UTC,34.05562216268101,12125352215.94055,693801927.8793302
2022-10-06 00:00:00 UTC,33.36585765449137,12104501989.14961,635586953.4246638
2022-10-07 00:00:00 UTC,32.86488485732326,11850053888.49428,668800268.5494943
2022-10-08 00:00:00 UTC,32.61129126485719,11747756449.154388,591626835.260013
2022-10-09 00:00:00 UTC,32.91752962466624,11634868896.090431,341704988.35304105
2022-10-10 00:00:00 UTC,31.897509961035254,11733010112.995802,394186399.1238242
2022-10-11 00:00:00 UTC,30.797936355695533,11425024225.924606,635076363.1909652
2022-10-12 00:00:00 UTC,31.162395248352176,11010317586.872402,708451762.5522374
2022-10-13 00:00:00 UTC,30.494042059779115,11138186203.67174,478775772.22435874
2022-10-14 00:00:00 UTC,30.021207178450325,10936034776.859634,1268196648.8703763
2022-10-15 00:00:00 UTC,29.621988897094127,10744192553.579792,800900313.9626595
2022-10-16 00:00:00 UTC,30.164793446123376,10589465749.61142,542657553.8738656
2022-10-17 00:00:00 UTC,31.24424925355053,10800295240.074724,596357300.7708523
2022-10-18 00:00:00 UTC,30.14385221122484,11181494599.052498,652795790.7626257
2022-10-19 00:00:00 UTC,28.874413925336327,10820701606.868002,687586011.6306124
2022-10-20 00:00:00 UTC,28.11605455199003,10362112405.2089,727675422.0185406
2022-10-21 00:00:00 UTC,28.1097788719568,10052442946.746214,853223560.1741539
2022-10-22 00:00:00 UTC,28.05420255919948,10070949099.133057,1002043363.8197844
2022-10-23 00:00:00 UTC,29.256523707119133,10044295675.710756,490264205.7517834
2022-10-24 00:00:00 UTC,28.289661363048275,10480620512.612083,673951450.3009115
2022-10-25 00:00:00 UTC,30.974468303877437,10121680743.469507,741284194.9494176
2022-10-26 00:00:00 UTC,31.29977436257638,11077575224.18006,1345305733.465723
2022-10-27 00:00:00 UTC,30.58153865884714,11203611590.840311,1233428720.609413
2022-10-28 00:00:00 UTC,32.05270942440798,11016715358.289034,1185582637.3377054
2022-10-29 00:00:00 UTC,32.87447771376051,11523992959.017834,1010169044.7135696
2022-10-30 00:00:00 UTC,32.91507583449492,11794614097.176,1095298016.4810386
2022-10-31 00:00:00 UTC,32.58607151356855,11772898715.527395,704083937.7644349
2022-11-01 00:00:00 UTC,32.2258537190233,11727290548.409676,1139338038.5192726
2022-11-02 00:00:00 UTC,30.810492932097876,11588937673.913485,1292492817.2921877
2022-11-03 00:00:00 UTC,30.844191679087352,11076265328.769896,1780241197.0317974
2022-11-04 00:00:00 UTC,33.75779072998398,11061246430.431095,1418254222.9125245
2022-11-05 00:00:00 UTC,36.84492261538457,12137630163.181671,2136099840.3640976
2022-11-06 00:00:00 UTC,32.752498701926015,13202283372.1165,3515292957.6301746
2022-11-07 00:00:00 UTC,29.607513778695036,11783689545.401735,2455328505.834478
2022-11-08 00:00:00 UTC,24.362566460151108,10655109386.652067,3410542959.262626
2022-11-09 00:00:00 UTC,14.115567392136382,8815290464.791733,5454246144.282754
2022-11-10 00:00:00 UTC,17.914561237526822,5120135551.789889,4447858951.620088
2022-11-11 00:00:00 UTC,16.672782713535415,6419997387.603283,4286418906.050507
2022-11-12 00:00:00 UTC,14.68308481344918,5963504846.885816,2174833098.007507
2022-11-13 00:00:00 UTC,13.243080107449382,5331217054.927404,757491204.4231542
2022-11-14 00:00:00 UTC,14.083867697865443,4816392214.34615,778861530.566664
2022-11-15 00:00:00 UTC,14.37681705724952,5121041157.026807,1313518890.078171
2022-11-16 00:00:00 UTC,14.340565124898148,5205583202.097879,810731935.9896518
2022-11-17 00:00:00 UTC,13.682095971250046,5195831842.374751,476740752.77719945
2022-11-18 00:00:00 UTC,13.308684352442729,4954608939.395693,652358691.7196426
2022-11-19 00:00:00 UTC,12.887486247151438,4831754494.869416,343505104.4396949
2022-11-20 00:00:00 UTC,12.351300921651438,4683383043.293358,300796161.78760666
2022-11-21 00:00:00 UTC,11.889668242349202,4470695233.321518,487814771.74014336
2022-11-22 00:00:00 UTC,12.477173212152264,4319145655.912079,485034715.449086
2022-11-23 00:00:00 UTC,14.410902705987878,4530165523.577384,523050115.79683906
2022-11-24 00:00:00 UTC,14.60492761744119,5242384046.294304,846522504.9292573
2022-11-25 00:00:00 UTC,14.043811275741344,5295975306.296668,617251028.3558049
2022-11-26 00:00:00 UTC,14.17609330190816,5120779702.054626,358428624.0910499
2022-11-27 00:00:00 UTC,14.137520832516362,5146886384.398725,372936253.8465712
2022-11-28 00:00:00 UTC,13.352004986845918,5138320693.997138,257208983.3301576
2022-11-29 00:00:00 UTC,13.364250246478983,4848821246.040962,503486946.7789087
2022-11-30 00:00:00 UTC,14.158270613516816,4865903266.783448,299090122.1184705
2022-12-01 00:00:00 UTC,13.522352100343385,5160133742.783542,336539579.06770015
2022-12-02 00:00:00 UTC,13.79102007231898,4916444884.587931,268946204.90502
2022-12-03 00:00:00 UTC,13.32731637773381,5000690502.576446,286893720.6947559
2022-12-04 00:00:00 UTC,13.754119801722815,4849300700.499058,194685658.10761136
2022-12-05 00:00:00 UTC,13.864268250929207,5008063958.883705,174497165.96568507
2022-12-06 00:00:00 UTC,14.30152945328376,5053925412.5079,388557941.6132628
2022-12-07 00:00:00 UTC,13.522320599009497,5213209232.973867,335905980.12530077
2022-12-08 00:00:00 UTC,13.690583133745555,4939250221.600364,271828166.1595262
2022-12-09 00:00:00 UTC,13.6054584838561,5016573038.668547,227319168.47448036
2022-12-10 00:00:00 UTC,13.584446475207477,4985978110.515763,257229856.0631066
2022-12-11 00:00:00 UTC,13.42841525739838,4967608679.209892,123682407.37088332
2022-12-12 00:00:00 UTC,13.309168699918123,4920995808.77367,132388578.53684896
2022-12-13 00:00:00 UTC,13.870583675821674,4889774456.9624195,250809833.3312298
2022-12-14 00:00:00 UTC,14.14747215424818,5067860068.029484,395484545.8659747
2022-12-15 00:00:00 UTC,14.019947100425476,5187094164.825271,528916842.4675466
2022-12-16 00:00:00 UTC,12.307977228947967,5134598270.270708,321825647.5033458
2022-12-17 00:00:00 UTC,12.521027007359226,4487828854.561585,419535145.31386626
2022-12-18 00:00:00 UTC,12.411779193567977,4589829348.626232,268811382.69570947
2022-12-19 00:00:00 UTC,11.951790226552529,4547137688.997608,129589318.25545242
2022-12-20 00:00:00 UTC,12.293600383489109,4386451838.861884,237682738.7501832
2022-12-21 00:00:00 UTC,12.150445962609218,4505699073.905926,203366197.2652378
2022-12-22 00:00:00 UTC,11.817241955138815,4442285590.081545,190249739.0479752
2022-12-23 00:00:00 UTC,11.803468671196692,4304981639.738414,205763794.5491736
2022-12-24 00:00:00 UTC,11.46520736096208,4330638762.966388,175623013.71847138
2022-12-25 00:00:00 UTC,11.405597546737194,4209413415.182793,226221148.71961895
2022-12-26 00:00:00 UTC,11.380016280223924,4186146255.0308743,112091737.43191937
2022-12-27 00:00:00 UTC,11.08640972625502,4148740084.275412,157112716.88406596
2022-12-28 00:00:00 UTC,9.76044480360816,4063717880.57174,259753813.70389763
2022-12-29 00:00:00 UTC,9.693337184331083,3585609635.8001738,525110319.8438319
2022-12-30 00:00:00 UTC,9.892997528536382,3537484124.794323,858961499.2105424
2022-12-31 00:00:00 UTC,9.966720388330804,3630516626.225645,965183979.9900717
2023-01-01 00:00:00 UTC,9.993213988406096,3663707629.8526206,328105997.957764
2023-01-02 00:00:00 UTC,11.2682170038994,3670345897.629763,221254125.6991641
2023-01-03 00:00:00 UTC,13.358091526598212,4150541190.495974,613623976.3944598
2023-01-04 00:00:00 UTC,13.43999480924173,4897985570.664733,1228715878.625904
2023-01-05 00:00:00 UTC,13.43485017186422,4953205509.879085,1292914050.0895758
2023-01-06 00:00:00 UTC,13.539046017034138,4943576397.427822,597145947.8641899
2023-01-07 00:00:00 UTC,13.101224408634463,4984816083.874325,540165419.9728936
2023-01-08 00:00:00 UTC,14.363148287617252,4837378850.913317,204413508.87479305
2023-01-09 00:00:00 UTC,16.468953199868906,5311505683.863571,660502733.0292821
2023-01-10 00:00:00 UTC,16.203266126891766,6027981721.519851,2167799567.632501
2023-01-11 00:00:00 UTC,16.400949861216024,6001548952.666129,853284864.2850525
2023-01-12 00:00:00 UTC,16.6016143620237,6106281178.181655,756286843.1807027
2023-01-13 00:00:00 UTC,18.315878289169948,6151365019.849676,1041399555.9624792
2023-01-14 00:00:00 UTC,24.193368831980138,6767551967.350333,1225252959.2198064
2023-01-15 00:00:00 UTC,22.929565972774505,9066218089.522646,4104822878.83946
2023-01-16 00:00:00 UTC,23.579669969512658,8465167529.981883,1994259844.239182
2023-01-17 00:00:00 UTC,22.912322268839,8762954564.82465,1771406042.9007668
2023-01-18 00:00:00 UTC,21.051972262649173,8486894288.865612,1026657344.6361208
2023-01-19 00:00:00 UTC,21.406355940414443,7747894426.536243,1584088550.9650111
2023-01-20 00:00:00 UTC,25.546243840057578,7934995923.191625,884890477.6621857
2023-01-21 00:00:00 UTC,24.64561024478339,9492135936.80954,1549510525.4961178
2023-01-22 00:00:00 UTC,24.229272082851136,9143727538.633389,2094424335.2304597
2023-01-23 00:00:00 UTC,24.344662206155657,9004757973.453108,963409697.9371854
2023-01-24 00:00:00 UTC,22.78443427667619,9057978593.358006,1001633167.4419036
2023-01-25 00:00:00 UTC,24.553165667300124,8470454667.826592,844522132.4729958
2023-01-26 00:00:00 UTC,24.376599933345585,9151912233.305304,1383097868.5664082
2023-01-27 00:00:00 UTC,24.432762912239927,9052529628.29716,807185582.340333
2023-01-28 00:00:00 UTC,23.991089184945817,9076560840.400455,692055171.811645
2023-01-29 00:00:00 UTC,26.07629725676915,8905831510.277918,519567853.14049745
2023-01-30 00:00:00 UTC,23.98228445759225,9723380871.434278,1092035425.519314
2023-01-31 00:00:00 UTC,23.9534600608993,8894199458.02625,1116589533.460632
2023-02-01 00:00:00 UTC,25.027405420938333,8908723903.584396,633224010.6302974
2023-02-02 00:00:00 UTC,24.298385469595893,9295594682.001568,1015396926.16359
2023-02-03 00:00:00 UTC,24.677188483659545,9062290851.69266,1074913383.6291163
2023-02-04 00:00:00 UTC,24.314013276395336,9193787806.876308,774214488.9431522
2023-02-05 00:00:00 UTC,23.505500377799876,9068020441.944056,327713724.2240302
2023-02-06 00:00:00 UTC,22.73059155090809,8775453234.400503,672201188.2248288
2023-02-07 00:00:00 UTC,23.843389594629503,8463616399.329708,465134639.23544246
2023-02-08 00:00:00 UTC,23.19686433756557,8928209652.21195,670882503.1595999
2023-02-09 00:00:00 UTC,20.46187464628865,8681217220.957706,581995370.9570432
2023-02-10 00:00:00 UTC,20.173641388015024,7674814944.971446,811999553.9692779
2023-02-11 00:00:00 UTC,20.83674919333037,7545095122.496513,684715832.2740877
2023-02-12 00:00:00 UTC,21.483291839078444,7825374946.872857,276287304.99737567
2023-02-13 00:00:00 UTC,20.775685318100376,8057257217.572684,547130558.624148
2023-02-14 00:00:00 UTC,21.83725493423225,7800043077.162407,726067097.6449695
2023-02-15 00:00:00 UTC,23.87568593249722,8222948441.256965,844264662.8708187
2023-02-16 00:00:00 UTC,22.211693133281955,8975776575.30878,828968671.851229
2023-02-17 00:00:00 UTC,23.22485080530082,8400837292.390615,952441065.3820454
2023-02-18 00:00:00 UTC,23.46239192448732,8757810457.777061,629949600.1968166
2023-02-19 00:00:00 UTC,24.95159504714734,8864240990.711231,409477824.5714344
2023-02-20 00:00:00 UTC,26.16713940624428,9381449228.766018,1095783808.46485
2023-02-21 00:00:00 UTC,24.93365407547007,9849428455.392427,1538759737.828715
2023-02-22 00:00:00 UTC,24.142146759662783,9410006572.060623,968358873.7849616
2023-02-23 00:00:00 UTC,23.925627416536948,9129224388.545918,1005691588.7579792
2023-02-24 00:00:00 UTC,23.072527046159127,9024298203.902431,611861042.6466906
2023-02-25 00:00:00 UTC,22.359156015904063,8729753756.759848,649062667.6491859
2023-02-26 00:00:00 UTC,23.25319903927813,8474091752.426656,582328032.1866764
2023-02-27 00:00:00 UTC,22.682859217084776,8789815699.846401,451065995.7045368
2023-02-28 00:00:00 UTC,21.883983838778956,8589782940.913688,514684238.654716
2023-03-01 00:00:00 UTC,22.51100532246958,8278729498.564519,353804372.6006003
2023-03-02 00:00:00 UTC,21.983871885684625,8525971668.470251,369087660.72430307
2023-03-03 00:00:00 UTC,21.410451671654613,8328272221.796302,330946275.0100112
2023-03-04 00:00:00 UTC,21.00684444845037,8106249844.5340605,498238533.53023267
2023-03-05 00:00:00 UTC,20.97354205027918,7961695592.448985,256569101.11418116
2023-03-06 00:00:00 UTC,20.623185570725987,8011260221.65664,265089625.28793865
2023-03-07 00:00:00 UTC,20.24274629395974,7888223504.875019,322271643.8882459
2023-03-08 00:00:00 UTC,18.412937081318727,7742957402.802464,397120125.3635552
2023-03-09 00:00:00 UTC,17.343780774263394,7066726944.332695,654701293.176005
2023-03-10 00:00:00 UTC,18.21770591096862,6615095595.2118635,817628064.4635521
2023-03-11 00:00:00 UTC,18.060033027769236,6973651339.000802,985846614.5301934
2023-03-12 00:00:00 UTC,20.34971228840927,6927332352.14766,668636884.1452119
2023-03-13 00:00:00 UTC,20.511781477425213,7755318676.394037,760822046.7718489
2023-03-14 00:00:00 UTC,20.92997147999972,7821977632.749297,1249913556.0771177
2023-03-15 00:00:00 UTC,19.34405398362373,8029661085.939712,1214729984.8862076
2023-03-16 00:00:00 UTC,19.818310214589005,7417175776.369316,891361641.0609368
2023-03-17 00:00:00 UTC,21.664340629638183,7607669118.344841,504753899.32405126
2023-03-18 00:00:00 UTC,21.443282862132676,8308309032.418516,754303580.0689005
2023-03-19 00:00:00 UTC,21.96383725495688,8216266972.152845,986599954.5003172
2023-03-20 00:00:00 UTC,22.286014137012263,8495353255.962753,673851083.9585737
2023-03-21 00:00:00 UTC,22.72218667372643,8555568655.401907,1218552100.2430182
2023-03-22 00:00:00 UTC,21.51309770503072,8718952337.679441,719736943.1769131
2023-03-23 00:00:00 UTC,22.291750872251622,8259511705.6845,913295958.8036972
2023-03-24 00:00:00 UTC,20.79907978825017,8543484776.055639,538080431.1780095
2023-03-25 00:00:00 UTC,20.58512007754137,7977603197.533254,631187773.1408374
2023-03-26 00:00:00 UTC,20.97811465547015,7901578024.349372,345990708.82340276
2023-03-27 00:00:00 UTC,19.93081105621597,8052075272.538422,324347267.3300865
2023-03-28 00:00:00 UTC,20.477960294971076,7655291926.183579,406289409.1592103
2023-03-29 00:00:00 UTC,21.10508692041529,7878765558.475472,399893643.6815858
2023-03-30 00:00:00 UTC,20.552372047597505,8122141676.472303,422093940.99814105
2023-03-31 00:00:00 UTC,21.18556487491369,7919320174.471215,531489851.08269745
2023-04-01 00:00:00 UTC,21.10112893805052,8194996259.08917,416301826.98406905
2023-04-02 00:00:00 UTC,20.55711844072497,8133720019.793032,252744410.77119103
2023-04-03 00:00:00 UTC,20.466841862176167,7929638196.330592,251341074.4589015
2023-04-04 00:00:00 UTC,20.940723337917028,7900168640.993755,514028031.0881776
2023-04-05 00:00:00 UTC,20.969523871840977,8093519489.19683,349133362.0535508
2023-04-06 00:00:00 UTC,20.61716792960163,8139780743.430709,361230213.9870719
2023-04-07 00:00:00 UTC,20.47046316376688,7980951367.926036,271327836.17901665
2023-04-08 00:00:00 UTC,20.047881844431192,7945861961.167704,215701777.56473917
2023-04-09 00:00:00 UTC,20.293487498335033,7779827678.559762,229363374.661126
2023-04-10 00:00:00 UTC,20.90894048004188,7882236367.0527725,195412805.1804982
2023-04-11 00:00:00 UTC,23.021211500776374,8111384994.393847,253074372.18012893
2023-04-12 00:00:00 UTC,23.84682723880187,9019417673.037657,1082494334.7097402
2023-04-13 00:00:00 UTC,24.450174321804603,9350156509.874369,1365972811.1376877
2023-04-14 00:00:00 UTC,24.748462164982424,9566762973.066216,668893935.0199434
2023-04-15 00:00:00 UTC,24.0966275742552,9705804479.0832,825367767.0062326
2023-04-16 00:00:00 UTC,25.352798456508207,9451805831.229778,384591884.9354901
2023-04-17 00:00:00 UTC,24.572177849534363,9920073717.128748,516665571.96676344
2023-04-18 00:00:00 UTC,24.87200712277565,9623598168.573132,898547712.5517877
2023-04-19 00:00:00 UTC,22.709377665242503,9739599132.263355,560592746.0749527
2023-04-20 00:00:00 UTC,22.182389092742007,8903451124.568312,975199442.6391966
2023-04-21 00:00:00 UTC,21.26644352180256,8697671636.546442,710569503.9356753
2023-04-22 00:00:00 UTC,21.810885741707864,8333890309.334352,525462746.90973705
2023-04-23 00:00:00 UTC,21.471759708108547,8584446324.231401,248665220.54590335
2023-04-24 00:00:00 UTC,21.389240190654675,8433737550.92868,346732866.69165474
2023-04-25 00:00:00 UTC,21.909250899544137,8399145884.938254,399623256.26542854
2023-04-26 00:00:00 UTC,21.293215631159537,8617142936.350363,409584858.55684227
2023-04-27 00:00:00 UTC,22.347641152991688,8367060691.263285,780064003.6863186
2023-04-28 00:00:00 UTC,23.36653732159176,8778984886.577005,581415377.4180412
2023-04-29 00:00:00 UTC,23.18384217498472,9208471390.321592,559458049.8370048
2023-04-30 00:00:00 UTC,22.80340617390197,9092156212.487629,426286099.33231926
2023-05-01 00:00:00 UTC,21.990777735593785,9057154980.365274,436671796.8196696
2023-05-02 00:00:00 UTC,22.275419348320867,8647580749.990461,498023835.8754195
2023-05-03 00:00:00 UTC,22.233148188917315,8773546966.16016,326469643.6829067
2023-05-04 00:00:00 UTC,21.74387879677261,8762010269.84146,493977024.60194933
2023-05-05 00:00:00 UTC,22.83112604474143,8571042186.731829,330689172.2682206
2023-05-06 00:00:00 UTC,21.95006620467175,8999007584.2166,495700895.70405257
2023-05-07 00:00:00 UTC,21.8665673922852,8661587000.942377,387508897.1490776
2023-05-08 00:00:00 UTC,20.642145287592403,8705466133.769728,355106155.5131277
2023-05-09 00:00:00 UTC,20.683163443640225,8146997991.830378,639503933.233089
2023-05-10 00:00:00 UTC,20.93538358723159,8164794903.556,319083931.06692636
2023-05-11 00:00:00 UTC,20.216955808346803,8287539919.545623,525615958.3054195
2023-05-12 00:00:00 UTC,20.909216952016084,8015037356.982577,428262847.3327318
2023-05-13 00:00:00 UTC,20.853873905307193,8274505085.732654,400396104.8545738
2023-05-14 00:00:00 UTC,20.95748108985546,8297710532.113992,237668410.933046
2023-05-15 00:00:00 UTC,21.004817685160713,8280978190.929416,210847603.33755395
2023-05-16 00:00:00 UTC,20.671585119504584,8316882669.84985,339241608.135156
2023-05-17 00:00:00 UTC,21.069536725395455,8187913902.158279,336845019.2027637
2023-05-18 00:00:00 UTC,20.350769958310423,8341868800.046011,332008750.30080974
2023-05-19 00:00:00 UTC,20.34767441091092,8061536789.167275,324985727.00925934
2023-05-20 00:00:00 UTC,20.28889911747836,8059779103.665763,159175646.03833306
2023-05-21 00:00:00 UTC,19.61325324060896,8022997471.517465,129569353.39457898
2023-05-22 00:00:00 UTC,19.54494707839557,7783712425.51017,237092494.78009433
2023-05-23 00:00:00 UTC,20.033634847820235,7749799385.59985,245814214.22526944
2023-05-24 00:00:00 UTC,19.211534564082527,7940043369.313906,292742202.142906
2023-05-25 00:00:00 UTC,19.25303168561321,7619548993.269599,316935519.32826513
2023-05-26 00:00:00 UTC,19.36223160841055,7626215765.408768,231185077.47615507
2023-05-27 00:00:00 UTC,20.41377268677888,7676617783.5293455,181468759.95489857
2023-05-28 00:00:00 UTC,20.80678094009316,8089935112.023952,210775331.1967464
2023-05-29 00:00:00 UTC,20.579496162396783,8259241871.664162,307912166.2640373
2023-05-30 00:00:00 UTC,21.25371272306742,8162528825.077333,270213146.55593985
2023-05-31 00:00:00 UTC,20.83206535563255,8420948536.256156,390180886.7377396
2023-06-01 00:00:00 UTC,20.49740169908828,8253719265.038129,264086436.64236704
2023-06-02 00:00:00 UTC,21.26981066642115,8135209555.988281,228964036.87755433
2023-06-03 00:00:00 UTC,21.171443270434477,8440560224.313393,262522591.28083095
2023-06-04 00:00:00 UTC,21.819958613205404,8395562285.774495,161199882.60472682
2023-06-05 00:00:00 UTC,20.05049441000172,8705745044.414808,355828402.5699557
2023-06-06 00:00:00 UTC,20.383451951356747,7993273614.350522,662098267.728488
2023-06-07 00:00:00 UTC,18.63408663957299,8109144867.99524,490315911.53694046
2023-06-08 00:00:00 UTC,18.890393176828415,7429398031.748883,412937080.98373073
2023-06-09 00:00:00 UTC,17.360768993298493,7533243369.330318,294556487.2607347
2023-06-10 00:00:00 UTC,15.652830585651431,6890419608.144915,510539729.1060476
2023-06-11 00:00:00 UTC,15.542610675508916,6262620811.883113,1405942235.8243408
2023-06-12 00:00:00 UTC,15.203585496028277,6194568642.13503,485368480.7903819
2023-06-13 00:00:00 UTC,15.031394260568463,6067764743.466437,431014407.7821351
2023-06-14 00:00:00 UTC,14.481772339091878,5997361094.134563,405233664.40802073
2023-06-15 00:00:00 UTC,14.75990681977611,5789069977.260347,324034405.50963664
2023-06-16 00:00:00 UTC,15.303249833473425,5880524857.505803,373889002.40714985
2023-06-17 00:00:00 UTC,15.632967150029897,6109552126.06054,254282103.58032933
2023-06-18 00:00:00 UTC,15.445329153194413,6246219926.833057,217889535.84713227
2023-06-19 00:00:00 UTC,16.048646939129902,6170109454.954071,154862395.4718904
2023-06-20 00:00:00 UTC,16.64393934549708,6382655003.177078,149643598.03846598
2023-06-21 00:00:00 UTC,17.264695112259385,6629964493.675703,247045575.8747233
2023-06-22 00:00:00 UTC,16.65056245802824,6903161332.170283,314944310.693034
2023-06-23 00:00:00 UTC,17.140681576299556,6663990154.562925,295783060.2431284
2023-06-24 00:00:00 UTC,16.63986733694956,6825331675.927217,330551041.38520193
2023-06-25 00:00:00 UTC,16.959218599552376,6642182122.570187,235784606.8092976
2023-06-26 00:00:00 UTC,16.262744186019425,6785842637.336145,210750383.86784583
2023-06-27 00:00:00 UTC,16.608323841706312,6497000673.693492,246140379.15811744
2023-06-28 00:00:00 UTC,15.97504277703673,6626087422.922995,231328592.3380401
2023-06-29 00:00:00 UTC,18.02895506082866,6403600623.488655,300158687.05560845
2023-06-30 00:00:00 UTC,18.86436935139505,7187331652.66652,650627978.8056476
2023-07-01 00:00:00 UTC,18.702871707977188,7567998783.5705805,817459795.9581544
2023-07-02 00:00:00 UTC,19.464625420725707,7437496981.577963,319773241.23185104
2023-07-03 00:00:00 UTC,19.256542897143465,7792444090.125792,465618698.5923621
2023-07-04 00:00:00 UTC,19.13389735003755,7700930946.150432,280789188.16269547
2023-07-05 00:00:00 UTC,18.988579999851066,7724902370.005767,288075260.3600674
2023-07-06 00:00:00 UTC,19.77600036827876,7619692719.675487,233612336.65793377
2023-07-07 00:00:00 UTC,21.50981878697786,8013479115.45537,849860695.544993
2023-07-08 00:00:00 UTC,21.86036668400785,8609626131.887451,822814614.1738969
2023-07-09 00:00:00 UTC,21.33410788669425,8804631486.280863,591846134.0904448
2023-07-10 00:00:00 UTC,21.30807684731964,8595004420.8743,362081258.384312
2023-07-11 00:00:00 UTC,22.081246285621244,8559664093.103448,506908757.9400061
2023-07-12 00:00:00 UTC,21.972801002387328,8875741131.46763,432688518.9567533
2023-07-13 00:00:00 UTC,26.027268784084637,8862665910.429438,555325733.1531584
2023-07-14 00:00:00 UTC,26.723163381154265,10410892785.973965,1607839680.1546905
2023-07-15 00:00:00 UTC,27.453259591058604,10743046575.077663,2096027646.1422749
2023-07-16 00:00:00 UTC,27.380254303402666,11015911503.065817,1338603823.4796312
2023-07-17 00:00:00 UTC,26.850889352379273,11002094754.605814,748628458.3786888
2023-07-18 00:00:00 UTC,25.55331549646348,10816613437.044512,1009837056.4565428
2023-07-19 00:00:00 UTC,26.351675408118595,10269805534.152489,690086431.4095343
2023-07-20 00:00:00 UTC,25.357767356708052,10633423774.84343,583199504.1017985
2023-07-21 00:00:00 UTC,25.517440152638525,10227156125.30492,584886321.040987
2023-07-22 00:00:00 UTC,24.53161934656508,10346698670.50916,431644689.9642399
2023-07-23 00:00:00 UTC,24.775593655520208,9872947825.241152,327795842.4707306
2023-07-24 00:00:00 UTC,23.36687184409752,10018814299.162062,354913364.7932104
2023-07-25 00:00:00 UTC,23.275793669900537,9455689036.354588,516806112.9085123
2023-07-26 00:00:00 UTC,25.16527490757767,9395875459.49248,360751270.55377847
2023-07-27 00:00:00 UTC,25.07731554396472,10171319431.282724,682305731.6035988
2023-07-28 00:00:00 UTC,24.82173273971116,10146168719.517277,489233605.44762504
2023-07-29 00:00:00 UTC,25.158312873166093,10051629238.612888,355565056.9581761
2023-07-30 00:00:00 UTC,24.25704164256952,10178962394.375273,266865609.50134665
2023-07-31 00:00:00 UTC,23.71833985486626,9816173591.432625,353779047.38170445
2023-08-01 00:00:00 UTC,24.05751736862292,9604285334.638874,399787877.43777245
2023-08-02 00:00:00 UTC,23.13515579576247,9663629338.746136,458438478.01232874
2023-08-03 00:00:00 UTC,22.623761015499756,9376125922.1032,424881669.9570395
2023-08-04 00:00:00 UTC,22.78405878784883,9178003135.366844,376311680.8572612
2023-08-05 00:00:00 UTC,22.631710013247424,9237548520.05844,386246204.2460737
2023-08-06 00:00:00 UTC,23.171078713987576,9155491618.929426,255814496.3194147
2023-08-07 00:00:00 UTC,23.082759870393435,9384285772.437752,338738792.3314852
2023-08-08 00:00:00 UTC,24.221926939176,9344630841.913843,386818593.2125596
2023-08-09 00:00:00 UTC,24.367342254287024,9819635413.27439,562728425.0185443
2023-08-10 00:00:00 UTC,24.597984432343953,9894698836.091352,456501669.8712381
2023-08-11 00:00:00 UTC,24.58873678383058,9982518848.598185,365596351.922364
2023-08-12 00:00:00 UTC,24.89281749844542,9969763672.692484,336166077.3882613
2023-08-13 00:00:00 UTC,24.22518889119326,10095650763.649357,275799639.95599955
2023-08-14 00:00:00 UTC,25.147065925906784,9839554742.689486,279890883.30971706
2023-08-15 00:00:00 UTC,23.89726702972535,10211324982.836502,388724774.0949122
2023-08-16 00:00:00 UTC,22.802872857540887,9697572470.820597,452026017.78570765
2023-08-17 00:00:00 UTC,21.73950655192276,9300306072.046394,470330468.7939966
2023-08-18 00:00:00 UTC,21.32956887503696,8833375790.376423,660131591.5150985
2023-08-19 00:00:00 UTC,21.877529961726086,8681695608.57574,411406898.35132
2023-08-20 00:00:00 UTC,21.775286082703147,8915137095.359207,254187695.63743085
2023-08-21 00:00:00 UTC,21.205315108724545,8865949897.077328,200254752.84807935
2023-08-22 00:00:00 UTC,20.54923931794579,8654520275.407608,349840933.68565625
2023-08-23 00:00:00 UTC,21.71199143894539,8370856986.385249,425862874.3463676
2023-08-24 00:00:00 UTC,21.00917701281524,8838275066.484407,427637591.3593256
2023-08-25 00:00:00 UTC,20.395514446519055,8576889455.517707,328536832.65740484
2023-08-26 00:00:00 UTC,20.27060076540397,8310249527.262404,282643545.6328844
2023-08-27 00:00:00 UTC,20.778624757343295,8261560411.31751,152114026.4406291
2023-08-28 00:00:00 UTC,20.54903853063776,8479951511.884242,188867614.63494217
2023-08-29 00:00:00 UTC,21.783512441706105,8388087449.848007,220391246.69370985
2023-08-30 00:00:00 UTC,20.81967667859676,8863938813.844702,532209200.7161118
2023-08-31 00:00:00 UTC,19.73122343964243,8515043630.644387,325474235.09028906
2023-09-01 00:00:00 UTC,19.310778610059373,8053897659.792566,400094797.5173295
2023-09-02 00:00:00 UTC,19.48959558352833,7901833889.253324,315005099.2397091
2023-09-03 00:00:00 UTC,19.57062950559393,7955183284.391823,212228020.4765248
2023-09-04 00:00:00 UTC,19.49633579520935,8013423697.401464,180998658.77038088
2023-09-05 00:00:00 UTC,20.263026000074387,7962785355.880494,252283321.43999687
2023-09-06 00:00:00 UTC,19.61454839650068,8282664538.733198,411723353.9773119
2023-09-07 00:00:00 UTC,19.888039957673463,8025176936.509907,337163254.32859087
2023-09-08 00:00:00 UTC,19.60133307450289,8138224259.182586,269825929.8455541
2023-09-09 00:00:00 UTC,19.43318632700209,8024651915.709034,241626794.8210148
2023-09-10 00:00:00 UTC,18.23163822289845,7988672928.157753,113892358.59866002
2023-09-11 00:00:00 UTC,17.72573456171359,7496074227.315406,555156391.0771656
2023-09-12 00:00:00 UTC,17.920062518631855,7268358215.03846,400557687.99253345
2023-09-13 00:00:00 UTC,18.392325125814345,7368626584.271517,384598709.68892103
2023-09-14 00:00:00 UTC,18.84895583510252,7551673475.282736,388875472.34583056
2023-09-15 00:00:00 UTC,19.15605639013843,7743475445.815018,367994809.75540954
2023-09-16 00:00:00 UTC,19.12151465659109,7883263120.700344,220516323.22411644
2023-09-17 00:00:00 UTC,18.82446623009998,7864717942.885944,148184254.9306592
2023-09-18 00:00:00 UTC,19.643110255237836,7720289269.964434,124460712.60212918
2023-09-19 00:00:00 UTC,20.026921032386145,8081231238.22347,351576379.572998
2023-09-20 00:00:00 UTC,20.297436424010204,8242770208.209753,289445881.5917209
2023-09-21 00:00:00 UTC,19.45804917251818,8357683264.676293,264275693.6064861
2023-09-22 00:00:00 UTC,19.43355817955488,8032276838.132356,293007884.0732567
2023-09-23 00:00:00 UTC,19.478286879398567,8017450908.993597,202281063.32433945
2023-09-24 00:00:00 UTC,19.35474476110981,8029339259.552218,117431290.0490775
2023-09-25 00:00:00 UTC,19.394750514327473,7984839330.184492,130927732.44684632
2023-09-26 00:00:00 UTC,19.01977233658519,8001387575.222157,185715361.55328423
2023-09-27 00:00:00 UTC,19.12391983779535,7853875935.402948,206084185.3557976
2023-09-28 00:00:00 UTC,19.973435757230657,7889113032.339973,241047158.5825924
2023-09-29 00:00:00 UTC,20.28313851803805,8237778276.828282,288689957.1214508
2023-09-30 00:00:00 UTC,21.3782438376087,8380719360.271232,260157969.4649728
2023-10-01 00:00:00 UTC,23.88062840200697,8834603606.720219,378553346.64722496
2023-10-02 00:00:00 UTC,23.367104783791635,9910925871.881264,717816282.8020018
2023-10-03 00:00:00 UTC,23.56908370128308,9664238003.259369,758544652.9472095
2023-10-04 00:00:00 UTC,23.12501451967567,9737914093.265,742823254.6674117
2023-10-05 00:00:00 UTC,22.68615724635211,9569979650.531218,491755362.1439777
2023-10-06 00:00:00 UTC,23.427712610043397,9392479523.673967,393823805.92710584
2023-10-07 00:00:00 UTC,23.29126206111031,9685255629.751097,488841829.00974274
2023-10-08 00:00:00 UTC,23.23668951757354,9647364228.421127,318615215.79095685
2023-10-09 00:00:00 UTC,22.09629820640268,9627275562.372828,235086829.744226
2023-10-10 00:00:00 UTC,22.09865859678714,9168609907.058208,400767610.72770494
2023-10-11 00:00:00 UTC,22.00739098386436,9168430059.589134,273563072.3916892
2023-10-12 00:00:00 UTC,21.300643322430304,9129830090.478771,317940958.8666166
2023-10-13 00:00:00 UTC,21.83782441506947,8861951270.988705,318461128.38305324
2023-10-14 00:00:00 UTC,22.00075750262613,9083240237.42736,310301331.9125792
2023-10-15 00:00:00 UTC,21.914874533756656,9161744653.181892,202152863.4165645
2023-10-16 00:00:00 UTC,23.965902600171095,9125622303.79429,204337278.99373665
2023-10-17 00:00:00 UTC,23.9535205926593,10055584865.075697,790950162.2034138
2023-10-18 00:00:00 UTC,23.415407734074993,9983521264.639666,560009245.5210576
2023-10-19 00:00:00 UTC,25.038319933437315,9758507265.818256,394881419.48075134
2023-10-20 00:00:00 UTC,27.06201720740657,10349453104.808008,774937005.878329
2023-10-21 00:00:00 UTC,29.368191159600975,11290615048.676315,1045400593.0556772
2023-10-22 00:00:00 UTC,29.019517280694497,12239407592.026327,1287648580.2650676
2023-10-23 00:00:00 UTC,31.94531574864986,12075671557.596724,768496760.3071148
2023-10-24 00:00:00 UTC,30.184930085495967,13279544210.20346,1766519469.1435964
2023-10-25 00:00:00 UTC,32.43096905567527,12604514716.68563,1552037432.760864
2023-10-26 00:00:00 UTC,32.75089927671871,13543276725.776272,1586816159.7766783
2023-10-27 00:00:00 UTC,31.746821897829356,13690100960.82061,1160418282.8504105
2023-10-28 00:00:00 UTC,31.65700320070336,13322929646.105707,989941294.1786578
2023-10-29 00:00:00 UTC,32.816357075606305,13265456769.470251,452912548.6101622
2023-10-30 00:00:00 UTC,34.954579753705474,13747282667.78367,598129747.9813412
2023-10-31 00:00:00 UTC,38.479876282159125,14656591733.223766,1160994752.6314414
2023-11-01 00:00:00 UTC,41.34680356705337,16146331428.99949,1797122552.8755436
2023-11-02 00:00:00 UTC,40.17509684981817,17362282922.666862,3957286520.746137
2023-11-03 00:00:00 UTC,39.48003179974301,16915834782.767227,2620239365.908305
2023-11-04 00:00:00 UTC,42.36407448573896,16590657428.301384,1707360146.4252756
2023-11-05 00:00:00 UTC,41.18090124050774,17774131285.113876,1485434984.2691095
2023-11-06 00:00:00 UTC,42.12754963740237,17308382643.313953,869248498.6215794
2023-11-07 00:00:00 UTC,43.06609274464769,17633401515.616535,1067696225.917122
2023-11-08 00:00:00 UTC,43.10638325214426,18118371837.24985,1833005014.1556892
2023-11-09 00:00:00 UTC,45.35908709633205,18224254869.067657,1061880716.0798502
2023-11-10 00:00:00 UTC,56.65643810083171,19039251761.549587,2968839161.3386817
2023-11-11 00:00:00 UTC,56.34286829160145,23890974567.18268,3695838447.632609
2023-11-12 00:00:00 UTC,56.16520488240345,23802514066.26354,4204384493.7995553
2023-11-13 00:00:00 UTC,51.90095716799376,23626834466.27276,2983731571.6332045
2023-11-14 00:00:00 UTC,56.84419153892406,22071829319.859287,3038690381.553295
2023-11-15 00:00:00 UTC,65.56583797659142,24025150540.45894,3127513906.8268685
2023-11-16 00:00:00 UTC,57.749352210015715,27523565135.28521,3839847832.156008
2023-11-17 00:00:00 UTC,58.40406910985013,24407210806.43088,3903633496.603016
2023-11-18 00:00:00 UTC,58.52372081348319,24667662889.707996,3289238830.154025
2023-11-19 00:00:00 UTC,61.32902487981569,24711969043.560658,2004120211.3829815
2023-11-20 00:00:00 UTC,56.49966494107798,26038968868.90716,2026682166.5491085
2023-11-21 00:00:00 UTC,52.1750433835809,23837278052.150417,2048125429.2565184
2023-11-22 00:00:00 UTC,57.539513580969,22095435188.78951,2531143929.8890347
2023-11-23 00:00:00 UTC,56.5875440914155,24392491443.20616,2024860318.5708184
2023-11-24 00:00:00 UTC,56.87859605626049,23970546237.51584,1373110329.7696157
2023-11-25 00:00:00 UTC,58.825041140052605,24061449315.617107,1160967002.5919318
2023-11-26 00:00:00 UTC,57.64018199176083,24902981174.693375,1169622792.4873784
2023-11-27 00:00:00 UTC,55.036468584972205,24415212865.335167,907414947.939469
2023-11-28 00:00:00 UTC,58.20389369572755,23317839078.34003,1273442789.6897557
2023-11-29 00:00:00 UTC,59.3022245561699,24600212078.53859,1451504053.0177467
2023-11-30 00:00:00 UTC,59.23285914795524,25088888782.540813,2009239923.7775464
2023-12-01 00:00:00 UTC,59.8044349969571,25108803752.086662,1302591157.5145955
2023-12-02 00:00:00 UTC,63.792970572741325,25352598328.428997,1445946572.4095447
2023-12-03 00:00:00 UTC,63.03195896993933,26881444684.92962,1395813174.9885445
2023-12-04 00:00:00 UTC,61.54974703996793,26766190167.25173,1368381556.2698834
2023-12-05 00:00:00 UTC,60.89252149070724,26112261419.98071,2237249338.843656
2023-12-06 00:00:00 UTC,61.95848603595506,25906943014.62848,1687515925.9336338
2023-12-07 00:00:00 UTC,67.81837689891316,26519800255.08468,3007855746.5830445
2023-12-08 00:00:00 UTC,74.93935070697938,28837571556.753944,3121308147.356614
2023-12-09 00:00:00 UTC,72.24189672388222,31939635291.86702,3663519229.4880114
2023-12-10 00:00:00 UTC,74.73373840225167,30868914479.546883,2980010086.008903
2023-12-11 00:00:00 UTC,70.3577474742018,31639909291.568317,1943662680.42735
2023-12-12 00:00:00 UTC,68.51080161261322,29912836736.92384,3862791619.927053
2023-12-13 00:00:00 UTC,70.69786595936304,29261837474.95887,2415355655.6157703
2023-12-14 00:00:00 UTC,75.6139961653307,30236312485.34697,2527104066.347967
2023-12-15 00:00:00 UTC,72.45065477173192,32382885128.146465,2498646070.101514
2023-12-16 00:00:00 UTC,73.54626213767246,31160870071.512493,2695890059.4306583
2023-12-17 00:00:00 UTC,70.88363360973926,31406371759.65062,1854835748.0268593
2023-12-18 00:00:00 UTC,74.26421906512589,30373366926.657185,1557014015.6572616
2023-12-19 00:00:00 UTC,72.98798081098532,31797760802.78102,2360060715.7638555
2023-12-20 00:00:00 UTC,81.90932589365414,31049007031.4802,1958509109.0580864
2023-12-21 00:00:00 UTC,93.84101326199183,35036559621.049866,3836056147.895164
2023-12-22 00:00:00 UTC,97.96509011727817,40139662988.83128,4904487918.507094
2023-12-23 00:00:00 UTC,107.94952030010352,41936984906.30874,5240123666.748801
2023-12-24 00:00:00 UTC,112.71982039460164,46067150224.366264,3896951492.0544114
2023-12-25 00:00:00 UTC,120.87019292061254,48130186348.93925,6198701865.329815
2023-12-26 00:00:00 UTC,112.59870090968724,51905964256.03442,5765328160.196055
2023-12-27 00:00:00 UTC,106.96716266233769,47816051843.275856,5799112604.873114
2023-12-28 00:00:00 UTC,101.99029166030064,45769688224.76657,4228070132.581486
2023-12-29 00:00:00 UTC,106.018938547102,43945886274.36204,4574248383.318408
2023-12-30 00:00:00 UTC,101.82989367704002,45535070666.32429,4289232679.511132
2023-12-31 00:00:00 UTC,101.57119759072084,43785435164.6565,1832846125.1596384
2024-01-01 00:00:00 UTC,109.56157008871628,43557642382.91047,1781044302.9827943
2024-01-02 00:00:00 UTC,106.53669386947898,47006338489.28494,2220602168.145
2024-01-03 00:00:00 UTC,98.6633729495488,45770111069.17999,3808116312.835852
2024-01-04 00:00:00 UTC,104.91247826949942,42416625922.3214,5260564951.926019
2024-01-05 00:00:00 UTC,99.94077682017556,45108341841.75201,3265751642.271957
2024-01-06 00:00:00 UTC,93.80360570764078,43005412146.86797,2955850299.1511765
2024-01-07 00:00:00 UTC,89.21261330063126,40341046148.6674,2215753218.5762234
2024-01-08 00:00:00 UTC,97.8032999440296,38353496896.01169,2192502121.26811
2024-01-09 00:00:00 UTC,99.41063748303482,42169330331.765785,3959324720.523502
2024-01-10 00:00:00 UTC,101.99337015814436,42627288796.39558,2993486102.2852283
2024-01-11 00:00:00 UTC,99.91882467811936,44241372072.84427,4367695519.120847
2024-01-12 00:00:00 UTC,91.54709516349732,43224396745.53533,3999614784.237337
2024-01-13 00:00:00 UTC,95.6695507703272,39503238769.71002,2740029648.847552
2024-01-14 00:00:00 UTC,94.18082128597334,41338579660.93868,1871308824.355492
2024-01-15 00:00:00 UTC,94.28164181187697,40910904033.30603,2667168439.9518375
2024-01-16 00:00:00 UTC,97.64122068285016,40853886226.541885,1774294712.2772949
2024-01-17 00:00:00 UTC,101.80903641418028,42218185004.543945,1814794609.7728453
2024-01-18 00:00:00 UTC,94.23124391941089,43918459381.6917,3233438398.2280188
2024-01-19 00:00:00 UTC,93.24209848063212,40824171089.702095,2745970532.772856
2024-01-20 00:00:00 UTC,92.62154587234764,40408671171.84575,2751826140.472957
2024-01-21 00:00:00 UTC,90.98804141152058,40089978741.00717,1257156818.6097856
2024-01-22 00:00:00 UTC,83.6188095742451,39512481021.428154,911709597.991027
2024-01-23 00:00:00 UTC,84.20014171052532,36111047577.45998,2818104626.6354733
2024-01-24 00:00:00 UTC,88.73856740327564,36311461849.31265,2978083210.236528
2024-01-25 00:00:00 UTC,86.902724754956,38534021790.14314,2382657482.1655817
2024-01-26 00:00:00 UTC,92.11824664044266,37657090256.50069,1897912239.6211069
2024-01-27 00:00:00 UTC,94.222890827282,39973135245.36887,2147264823.688556
2024-01-28 00:00:00 UTC,95.9606901284676,40773572380.15453,1251928789.1575131
2024-01-29 00:00:00 UTC,101.58839713809104,41598860413.28886,2524731235.6020694
2024-01-30 00:00:00 UTC,101.49542996504786,44237194959.54558,2756080081.702195
2024-01-31 00:00:00 UTC,96.99969205570162,44149841778.04821,3642676897.123102
2024-02-01 00:00:00 UTC,97.69180416353528,42259374417.28451,3876929838.6811585
2024-02-02 00:00:00 UTC,100.47882730671968,42613112716.00616,3007827075.847601
2024-02-03 00:00:00 UTC,97.83821718232652,43811141503.445335,2624171606.025611
2024-02-04 00:00:00 UTC,95.44138257202512,42611107982.48974,1417267803.918664
2024-02-05 00:00:00 UTC,95.61103513894402,41602993219.1009,1354923926.543082
2024-02-06 00:00:00 UTC,96.84619118170498,41727362697.026825,1777368941.338186
2024-02-07 00:00:00 UTC,101.00815945650903,42268993503.10137,1902832774.6334064
2024-02-08 00:00:00 UTC,102.75654578821737,44086978409.43825,2134258750.392392
2024-02-09 00:00:00 UTC,107.0045990506278,44986092796.23713,2329530033.5617566
2024-02-10 00:00:00 UTC,109.07549762751164,46821270307.69528,2980698681.4714584
2024-02-11 00:00:00 UTC,107.57212623019052,47626799918.99898,1830476444.1008291
2024-02-12 00:00:00 UTC,111.92618331425442,46970508598.610954,1462171681.1004465
2024-02-13 00:00:00 UTC,112.61480937332452,48881521826.95636,3091369045.7203913
2024-02-14 00:00:00 UTC,116.96460998226615,49200636584.9414,2859607258.3245664
2024-02-15 00:00:00 UTC,113.6554442752889,51223725720.39541,2489756689.7896347
2024-02-16 00:00:00 UTC,110.37721778629884,50054269103.93001,2534676184.4856033
2024-02-17 00:00:00 UTC,108.83070589729743,48621118559.98371,1695422690.1419582
2024-02-18 00:00:00 UTC,112.18940551039805,48116477499.560936,1368184095.2577243
2024-02-19 00:00:00 UTC,111.4278766794588,49474158579.09777,1553093791.7506764
2024-02-20 00:00:00 UTC,108.3977512051454,49013622667.08547,1987988548.9005387
2024-02-21 00:00:00 UTC,105.3063605263228,47893142417.96313,2864599586.7389507
2024-02-22 00:00:00 UTC,101.9326968137416,46454513229.83535,2735899855.4395437
2024-02-23 00:00:00 UTC,99.81847768625543,44975179369.543365,2200522433.760235
2024-02-24 00:00:00 UTC,104.17380226280176,44207212470.28615,2022089010.7364247
2024-02-25 00:00:00 UTC,103.39971208340404,45956101626.76592,1549285078.6057053
2024-02-26 00:00:00 UTC,109.9499070116313,45607368722.22022,1192035223.3317757
2024-02-27 00:00:00 UTC,108.34903963342038,48502417513.03752,2580876866.1717916
2024-02-28 00:00:00 UTC,117.74985156740613,47818062228.12062,3552791128.114305
2024-02-29 00:00:00 UTC,125.50462958429704,51987858810.85375,5714842457.658385
2024-03-01 00:00:00 UTC,129.96356269726448,55782452212.297585,8050797522.626623
2024-03-02 00:00:00 UTC,129.74570280495587,57670794534.933525,5402848814.532123
2024-03-03 00:00:00 UTC,130.4756131540259,57526283521.35976,3089478326.2443433
2024-03-04 00:00:00 UTC,133.27789255829327,57634661052.93364,3358634780.6702576
2024-03-05 00:00:00 UTC,125.55880522902824,58905211978.42328,4463902474.308913
2024-03-06 00:00:00 UTC,130.7205945823412,55994211147.81779,9433358800.896656
2024-03-07 00:00:00 UTC,144.04737779459475,57750807855.93927,5145118208.353399
2024-03-08 00:00:00 UTC,145.18070898175375,63894153486.63505,7567241127.979665
2024-03-09 00:00:00 UTC,144.74076915122242,64314627608.68617,5487331088.885225
2024-03-10 00:00:00 UTC,144.36017121074153,64204155811.87283,3133762944.1484685
2024-03-11 00:00:00 UTC,148.710752774732,63915400688.66565,3598595009.480207
2024-03-12 00:00:00 UTC,150.9775812431128,65982204368.10759,5949884691.702206
2024-03-13 00:00:00 UTC,163.8061921167073,66946848882.99739,7170303996.825855
2024-03-14 00:00:00 UTC,176.3940203028416,72603050103.89145,6123287355.98196
2024-03-15 00:00:00 UTC,183.80539464909555,77993881680.2228,9124117479.546144
2024-03-16 00:00:00 UTC,181.4726172134501,81845073461.4935,14040039881.08605
2024-03-17 00:00:00 UTC,201.8141332332429,80284415527.02771,12309111992.500614
2024-03-18 00:00:00 UTC,195.7837942367752,89815964680.74742,11918989411.422647
2024-03-19 00:00:00 UTC,169.71167599669508,86923015760.25656,12523390977.43814
2024-03-20 00:00:00 UTC,191.66956409423952,75621938582.8277,11948607780.628384
2024-03-21 00:00:00 UTC,179.37566915036166,85004052599.30891,8911687446.398542
2024-03-22 00:00:00 UTC,174.04770005663318,79806198240.29042,6094776333.430629
2024-03-23 00:00:00 UTC,172.6367467574264,76738474078.01993,4627959887.927674
2024-03-24 00:00:00 UTC,183.754021435653,77052625363.61342,2940269374.4555917
2024-03-25 00:00:00 UTC,189.08887277506793,81893130320.22795,2905708956.27686
2024-03-26 00:00:00 UTC,190.7648894147503,83839327740.13148,4384593462.208561
2024-03-27 00:00:00 UTC,185.9767816452366,84838706571.2534,4009685247.781705
2024-03-28 00:00:00 UTC,189.42431412868257,82360081157.45738,4356761785.262332
2024-03-29 00:00:00 UTC,192.01631380352111,84248853020.74065,3235082014.617744
2024-03-30 00:00:00 UTC,194.2851106966588,85339922941.56276,3339807046.371666
2024-03-31 00:00:00 UTC,202.3415146253361,86396723742.68846,3186838446.269824
2024-04-01 00:00:00 UTC,192.4498933922885,90165485477.07718,2589448070.0851803
2024-04-02 00:00:00 UTC,181.37010977530724,85854792170.67822,4157751183.812217
2024-04-03 00:00:00 UTC,185.23422992843348,80782956311.50485,5058581622.4813385
2024-04-04 00:00:00 UTC,184.07646275454871,82629121371.8504,4836035403.32596
2024-04-05 00:00:00 UTC,174.38602634395363,81901182948.82771,4683471772.888503
2024-04-06 00:00:00 UTC,178.81163008638345,77960489740.01663,7852640943.904475
2024-04-07 00:00:00 UTC,179.4747903753503,79571266962.5395,5001342222.076993
2024-04-08 00:00:00 UTC,180.61668636778717,80125616078.59949,2000302129.187027
2024-04-09 00:00:00 UTC,172.3791771229848,80535874865.26263,3103882380.676587
2024-04-10 00:00:00 UTC,173.36743103393113,77044233758.35966,2989317678.435609
2024-04-11 00:00:00 UTC,172.37755935332888,77185741544.09901,4100703760.049037
2024-04-12 00:00:00 UTC,153.34368780962043,77005624466.19768,3014537196.4796267
2024-04-13 00:00:00 UTC,138.80438479055738,68525412911.207664,5013221722.593494
2024-04-14 00:00:00 UTC,151.0193946798208,62699848804.0115,9793539238.265694
2024-04-15 00:00:00 UTC,138.32836670396182,67806499914.97718,8455413366.013227
2024-04-16 00:00:00 UTC,136.4475718004784,61710007812.6042,6272804975.074691
2024-04-17 00:00:00 UTC,131.87337938458708,60978610966.59865,5768607534.322903
2024-04-18 00:00:00 UTC,142.19919075583712,59211788810.436966,5184907143.857645
2024-04-19 00:00:00 UTC,142.58913694240024,63576116897.51022,4466919161.037114
2024-04-20 00:00:00 UTC,151.12665611481538,64000098017.81668,6448089344.097108
2024-04-21 00:00:00 UTC,148.56767070375687,67222429957.26812,3347691509.532302
2024-04-22 00:00:00 UTC,157.02538095998767,66491092685.51483,2693002610.6915092
2024-04-23 00:00:00 UTC,154.72230429141575,70249892398.89441,3261442414.4090676
2024-04-24 00:00:00 UTC,147.6362815614368,69275570262.24135,3121900571.457439
2024-04-25 00:00:00 UTC,144.88938593039995,66011712440.540405,4377845018.433971
2024-04-26 00:00:00 UTC,139.1644839553058,64868424520.28813,4242224495.876059
2024-04-27 00:00:00 UTC,141.1533460708581,62238094836.14685,2957590205.8409553
2024-04-28 00:00:00 UTC,137.95250881222614,63319042460.19269,2644188463.2325444
2024-04-29 00:00:00 UTC,137.78601935252428,61615451344.778175,2100485820.706364
2024-04-30 00:00:00 UTC,126.69758762018569,61596557366.24163,2899084871.5641613
2024-05-01 00:00:00 UTC,134.63326678889345,57068380747.46253,3934938934.894639
2024-05-02 00:00:00 UTC,137.72473660242153,60292554289.61039,4615310781.069125
2024-05-03 00:00:00 UTC,143.77986569614515,61609204300.94547,3987327338.181402
2024-05-04 00:00:00 UTC,146.25808032532186,64310515828.20989,3471291159.6453104
2024-05-05 00:00:00 UTC,145.79125794268612,65431940754.60709,3337406369.851994
2024-05-06 00:00:00 UTC,152.87096427041618,65139241740.40005,2268365678.774519
2024-05-07 00:00:00 UTC,148.04771955417158,68357696313.70913,3131631508.6285057
2024-05-08 00:00:00 UTC,142.1285971365553,66642348637.88412,3026454559.527744
2024-05-09 00:00:00 UTC,152.70451867942302,63778648967.760185,2966364222.282474
2024-05-10 00:00:00 UTC,146.0883000199735,68446070757.00757,2774563547.7196326
2024-05-11 00:00:00 UTC,145.36166568354318,65576191712.31699,2894666291.2713943
2024-05-12 00:00:00 UTC,143.51762200994955,65186852360.18265,1398775556.1421323
2024-05-13 00:00:00 UTC,147.2773277312568,64399645373.94642,1079718345.5858088
2024-05-14 00:00:00 UTC,141.97969020430995,65981164547.77246,2799190418.366943
2024-05-15 00:00:00 UTC,158.30575295340316,63808410155.384514,2476868569.594518
2024-05-16 00:00:00 UTC,159.10106206561596,71124365755.64029,3176849196.5400434
2024-05-17 00:00:00 UTC,169.52783208035612,71485848565.0468,3009349879.0482373
2024-05-18 00:00:00 UTC,172.45255051722054,75995591371.301,2943900849.8671823
2024-05-19 00:00:00 UTC,170.041236307218,77421213992.58887,2297202183.4403195
2024-05-20 00:00:00 UTC,186.52562634255483,76312677475.9591,2202551380.7386117
2024-05-21 00:00:00 UTC,178.1046675422787,83636200098.33824,4232677803.635848
2024-05-22 00:00:00 UTC,176.87277199694088,79995115480.06287,4238240346.727072
2024-05-23 00:00:00 UTC,176.18949687401303,79409425754.64302,3391856718.937173
2024-05-24 00:00:00 UTC,167.67811388295272,79228788063.89075,4790398293.353867
2024-05-25 00:00:00 UTC,168.4224033116676,75398208636.16145,3379132529.375458
2024-05-26 00:00:00 UTC,163.3165103934618,75661703605.5672,1627562136.2909014
2024-05-27 00:00:00 UTC,169.98010897790877,73401465124.37547,2427355140.155327
2024-05-28 00:00:00 UTC,168.6723998169558,76290531024.18916,2417642279.260168
2024-05-29 00:00:00 UTC,168.1223311802101,77461162313.21992,2903481082.114817
2024-05-30 00:00:00 UTC,166.9052003103628,77252186457.9422,2583665670.791547
2024-05-31 00:00:00 UTC,165.68645031689573,76758497378.74059,2816771464.492523
2024-06-01 00:00:00 UTC,166.0194351739977,76308339528.46367,2431353183.021109
2024-06-02 00:00:00 UTC,163.16657015169645,76316815699.6314,1007888671.3877507
2024-06-03 00:00:00 UTC,164.92185626785357,75050958641.62373,1495468939.6650186
2024-06-04 00:00:00 UTC,171.67663228079363,75681627881.0628,2045168576.6879976
2024-06-05 00:00:00 UTC,173.40213800227417,78880758222.48264,1767129611.2411132
2024-06-06 00:00:00 UTC,170.12464304825198,79780936079.13075,2182325303.0599933
2024-06-07 00:00:00 UTC,162.32319317692503,78444394866.65672,1977907836.168896
2024-06-08 00:00:00 UTC,157.8977163119757,74856130848.93568,3516490056.6911936
2024-06-09 00:00:00 UTC,162.14462385835125,72835917814.34517,1588518013.405507
2024-06-10 00:00:00 UTC,158.99442754629675,74716116045.03694,1423520265.3383813
2024-06-11 00:00:00 UTC,149.38316878417024,73151424296.10939,1679134072.1800022
2024-06-12 00:00:00 UTC,155.01702039615654,68854872917.61719,3109155331.1165233
2024-06-13 00:00:00 UTC,147.23928388356205,71448945051.62373,3133304144.345523
2024-06-14 00:00:00 UTC,143.05121593766694,68032711460.25852,2412568992.644419
2024-06-15 00:00:00 UTC,145.3686219004234,66064522093.40304,2658819293.5810657
2024-06-16 00:00:00 UTC,151.15614909870953,67039970053.087814,1223863754.9934545
2024-06-17 00:00:00 UTC,143.2496025253824,69579290410.68553,1069150032.194579
2024-06-18 00:00:00 UTC,137.43139585871575,66094864030.905464,2454764028.215643
2024-06-19 00:00:00 UTC,135.5130372442499,63233499041.35268,4344391459.507731
2024-06-20 00:00:00 UTC,133.40286076794996,62361208241.968605,2629954036.5379944
2024-06-21 00:00:00 UTC,134.56629555328178,61706156570.99528,2673460194.211365
2024-06-22 00:00:00 UTC,133.55529415559818,62078256801.37986,2416179645.331731
2024-06-23 00:00:00 UTC,128.559978857919,61606686233.870865,1065681858.048574
2024-06-24 00:00:00 UTC,132.19831370991628,59352841547.741,1184861978.7447617
2024-06-25 00:00:00 UTC,136.58656226714044,61042345065.70789,3841045248.25378
2024-06-26 00:00:00 UTC,136.76408391319154,63106257051.66343,2814831756.465531
2024-06-27 00:00:00 UTC,149.2352273692892,63108597357.703316,1955615046.996764
2024-06-28 00:00:00 UTC,139.72302234326378,68956935473.7399,3173279124.3473825
2024-06-29 00:00:00 UTC,139.98926651580263,64611649671.81728,2588953074.850515
2024-06-30 00:00:00 UTC,146.37387563256178,64693099935.25913,1233704090.137626
2024-07-01 00:00:00 UTC,146.60606934743538,67675125124.59939,1780644947.664704
2024-07-02 00:00:00 UTC,153.80568052723405,67673065514.69488,2013417505.5142505
2024-07-03 00:00:00 UTC,140.57351100548215,71136229946.13242,2429504603.735484
2024-07-04 00:00:00 UTC,127.53157904567168,65082723830.858505,3212971456.6374373
2024-07-05 00:00:00 UTC,134.26285461932628,58898732491.053246,3825971298.898689
2024-07-06 00:00:00 UTC,143.32969268395115,62269271952.277084,5868353298.062098
2024-07-07 00:00:00 UTC,131.45080051131123,66217813182.98343,2488370437.1822853
2024-07-08 00:00:00 UTC,139.62677798430272,61059941285.76865,2220445768.0201135
2024-07-09 00:00:00 UTC,141.39492780457417,64723351422.5232,4155331396.725336
2024-07-10 00:00:00 UTC,141.71478611872274,65562477778.77649,2762679237.1376476
2024-07-11 00:00:00 UTC,135.8133561644635,65837743099.40003,2195886997.6046886
2024-07-12 00:00:00 UTC,139.4338750387952,63043383816.82033,2964082480.49848
2024-07-13 00:00:00 UTC,141.94880919216342,64601740344.9905,2487724159.864232
2024-07-14 00:00:00 UTC,147.26396684651505,65828079252.62245,1322541652.6836193
2024-07-15 00:00:00 UTC,159.6178850391047,68257183498.00547,2484150169.3558335
2024-07-16 00:00:00 UTC,160.4661391982543,74102104615.57973,3108990230.688795
2024-07-17 00:00:00 UTC,155.6898312277842,74559035929.18683,3474454047.72166
2024-07-18 00:00:00 UTC,159.15241277858033,72209875941.80649,2712486870.4443064
2024-07-19 00:00:00 UTC,169.21417592208888,73850345153.67401,2625427407.227512
2024-07-20 00:00:00 UTC,173.65527399404283,78528844889.57068,4433192710.620407
2024-07-21 00:00:00 UTC,184.52398740396336,80784846452.60469,2179786650.8431716
2024-07-22 00:00:00 UTC,178.90161461048243,85691294653.91962,4015535056.93741
2024-07-23 00:00:00 UTC,172.77489687646246,83108103597.42142,3299800822.047085
2024-07-24 00:00:00 UTC,178.04964378966622,80225284901.83754,3977809503.9630327
2024-07-25 00:00:00 UTC,171.8720367156657,82676203779.85396,3959344554.9229937
2024-07-26 00:00:00 UTC,183.09858123337528,79864436366.52809,5014027264.052792
2024-07-27 00:00:00 UTC,183.525111815747,85076357786.43285,3340871599.603166
2024-07-28 00:00:00 UTC,184.91098159484977,85645996276.50415,4062023551.908765
2024-07-29 00:00:00 UTC,182.8044998103639,85896737715.63358,2329195112.7062397
2024-07-30 00:00:00 UTC,178.9337752054958,84959284951.75719,4358159261.888479
2024-07-31 00:00:00 UTC,171.74696461501372,83221052241.06827,3257555627.4532967
2024-08-01 00:00:00 UTC,167.77227794953927,79946253024.8761,3603156486.479305
2024-08-02 00:00:00 UTC,152.67069152331473,78147815439.20485,5423194879.632482
2024-08-03 00:00:00 UTC,142.80366402037902,70937568564.97667,5468948458.207733
2024-08-04 00:00:00 UTC,138.35879810400607,66458533819.99297,4589183179.611114
2024-08-05 00:00:00 UTC,129.66956947677073,64402537536.36497,5622495107.722338
2024-08-06 00:00:00 UTC,144.32285324096597,60381848743.253075,16920399255.575665
2024-08-07 00:00:00 UTC,144.7298411063189,67288824608.972626,6946190529.500762
2024-08-08 00:00:00 UTC,162.98202835192325,67646447877.58509,6497528715.71839
2024-08-09 00:00:00 UTC,156.3224446036907,76005103394.38368,6761535488.039633
2024-08-10 00:00:00 UTC,154.09998503953472,72917068025.29482,3843972997.900716
2024-08-11 00:00:00 UTC,141.2548210408711,71800882007.82913,2102466672.14623
2024-08-12 00:00:00 UTC,146.38634968144453,66083367660.56093,3014944978.5465107
2024-08-13 00:00:00 UTC,146.787544848621,68359404004.60789,4352712918.112353
2024-08-14 00:00:00 UTC,143.7466839628289,68516541376.23343,2803836855.8985868
2024-08-15 00:00:00 UTC,142.56843508491292,67182643366.50784,3209483254.1072974
2024-08-16 00:00:00 UTC,138.97000726469096,66496321566.654175,3999719246.17272
2024-08-17 00:00:00 UTC,141.96747946570335,64933119142.243256,3502325259.3929214
2024-08-18 00:00:00 UTC,142.44778415093978,66081821534.24471,1513680444.8168197
2024-08-19 00:00:00 UTC,144.22583058539493,66426210062.34282,2149235596.1406713
2024-08-20 00:00:00 UTC,142.28254227458257,67246952877.18858,2707729975.901511
2024-08-21 00:00:00 UTC,142.74314665489578,66377336365.327896,2566960213.2585864
2024-08-22 00:00:00 UTC,143.22840440637816,66523345000.75817,2450845762.8336325
2024-08-23 00:00:00 UTC,153.24878550757856,66737508866.39469,1682332327.7793946
2024-08-24 00:00:00 UTC,160.73521760475944,71389090913.5568,3369399642.3838716
2024-08-25 00:00:00 UTC,158.96525593714898,74906372650.10678,3479952013.215938
2024-08-26 00:00:00 UTC,157.03267917072318,74084779411.96434,2463924944.9148316
2024-08-27 00:00:00 UTC,146.87015154162842,73182642304.78104,3216106233.2736287
2024-08-28 00:00:00 UTC,143.85377571900537,68490788574.42964,3538154240.4643235
2024-08-29 00:00:00 UTC,139.9962292045043,67074802245.6125,3752284191.288166
2024-08-30 00:00:00 UTC,138.04374241149517,65295802445.138115,2482896720.139223
2024-08-31 00:00:00 UTC,135.33884741784593,64423755512.91755,3519374421.576217
2024-09-01 00:00:00 UTC,128.6530326556398,63130693678.951164,1147851797.6927729
2024-09-02 00:00:00 UTC,135.00429986923837,60024904180.623184,2599762814.1902065
2024-09-03 00:00:00 UTC,127.45537153421942,63012662527.15882,2586242216.9815335
2024-09-04 00:00:00 UTC,133.61345736733665,59452711955.789566,2211379613.547166
2024-09-05 00:00:00 UTC,129.38083344693104,62361880259.12331,3163448896.838623
2024-09-06 00:00:00 UTC,124.99642522438349,60352820633.88516,2567552208.368373
2024-09-07 00:00:00 UTC,127.71883487327396,58316520682.89384,4390160444.506946
2024-09-08 00:00:00 UTC,130.137106219348,59735928896.03692,1691560060.6516569
2024-09-09 00:00:00 UTC,134.98703943567705,60809911759.16569,1692059861.5591116
2024-09-10 00:00:00 UTC,135.70624982014053,63129874674.87526,2928178091.51569
2024-09-11 00:00:00 UTC,132.49477055056153,63453807197.01978,2019070229.3523688
2024-09-12 00:00:00 UTC,136.1769033684035,61985254535.87875,2579979909.6506686
2024-09-13 00:00:00 UTC,139.04800247924783,63732331695.53237,2072158886.1464815
2024-09-14 00:00:00 UTC,137.2101417102198,65061995394.98905,2221494677.0795093
2024-09-15 00:00:00 UTC,131.4828724702692,64226828218.36665,1212434266.25514
2024-09-16 00:00:00 UTC,131.3477932800787,61603341990.57785,1802857902.6849153
2024-09-17 00:00:00 UTC,131.52887422358333,61539416884.98476,2069324391.2064388
2024-09-18 00:00:00 UTC,134.61980535755882,61604212597.58086,2146439118.087815
2024-09-19 00:00:00 UTC,142.8491583440756,62780870280.6673,2861813198.9518766
2024-09-20 00:00:00 UTC,146.71089091926845,66833974582.66453,3570799508.5407095
2024-09-21 00:00:00 UTC,149.50775798985242,68706626389.77517,4049348234.977015
2024-09-22 00:00:00 UTC,144.73506481075228,70050539616.82175,1709619158.5367048
2024-09-23 00:00:00 UTC,144.8577838116378,67901923103.037704,2191239441.7690716
2024-09-24 00:00:00 UTC,152.77619763629983,67899510605.97078,3006259710.8096366
2024-09-25 00:00:00 UTC,148.00255857152274,71610078081.23738,3788477819.3913665
2024-09-26 00:00:00 UTC,155.55630461717945,69431480987.05331,2706526609.465026
2024-09-27 00:00:00 UTC,157.68671573006344,72960518775.82442,3780426151.089023
2024-09-28 00:00:00 UTC,156.8104139179891,73927801546.41725,3671189161.81761
2024-09-29 00:00:00 UTC,158.53240629869666,73530761487.55254,1622096697.7480242
2024-09-30 00:00:00 UTC,152.79868541043516,74341854165.92265,2462777066.506345
2024-10-01 00:00:00 UTC,145.09471312877508,71536613088.33226,2973273946.5218253
2024-10-02 00:00:00 UTC,140.27985564476433,67959735624.07269,4530121760.674047
2024-10-03 00:00:00 UTC,136.7525888534511,65779720973.16625,3619652701.5006223
2024-10-04 00:00:00 UTC,143.1871154850641,64068010310.29544,3654354164.787579
2024-10-05 00:00:00 UTC,142.62606699988,67025175944.33842,3098375624.650811
2024-10-06 00:00:00 UTC,146.48221394941538,66874481450.17826,1374434457.8253274
2024-10-07 00:00:00 UTC,143.92700969034914,68639043926.32204,1499000743.9675722
2024-10-08 00:00:00 UTC,143.3453329656262,67666251052.27617,3381068917.0143504
2024-10-09 00:00:00 UTC,139.28850545564146,67253766597.95516,2009230166.780062
2024-10-10 00:00:00 UTC,138.94414453843535,65382077508.098976,2068916541.700631
2024-10-11 00:00:00 UTC,145.4805303423435,65206453932.6596,2058981161.3055885
2024-10-12 00:00:00 UTC,146.47354920591985,68326273782.53075,2159858647.014935
2024-10-13 00:00:00 UTC,147.57626808299617,68791211541.05606,1350665334.4457366
2024-10-14 00:00:00 UTC,157.4937491888983,69280245773.88171,1689621935.63546
2024-10-15 00:00:00 UTC,154.90269244039837,73965435977.77702,3434376548.0029263
2024-10-16 00:00:00 UTC,154.26120653070106,72732263098.09485,4043372965.8663406
2024-10-17 00:00:00 UTC,150.38916067464768,72472508111.02765,2784663515.860702
2024-10-18 00:00:00 UTC,154.9203822008445,70659051496.18117,2728524341.4924927
2024-10-19 00:00:00 UTC,159.631451590658,72832260519.02707,2094253788.982374
2024-10-20 00:00:00 UTC,167.01476682420557,74997161556.47812,1773818190.644453
2024-10-21 00:00:00 UTC,166.11127567968862,78470252700.40274,3223219955.7047944
2024-10-22 00:00:00 UTC,167.46045358463994,78185303647.60498,4823809925.302294
2024-10-23 00:00:00 UTC,171.04357379930727,78673600573.12733,4403546510.975579
2024-10-24 00:00:00 UTC,177.15606629116056,80428382684.60805,5000896211.185621
2024-10-25 00:00:00 UTC,164.56302567412698,83332281785.39903,4340183523.931236
2024-10-26 00:00:00 UTC,170.61981768942437,77415119197.83621,6087672207.582321
2024-10-27 00:00:00 UTC,176.64966475567834,80249060981.5766,3291145199.5600123
2024-10-28 00:00:00 UTC,178.3242036296362,83035598362.95314,3081178487.6506724
2024-10-29 00:00:00 UTC,179.36299054399598,83861680607.04459,4375777277.300925
2024-10-30 00:00:00 UTC,174.9773438163654,84349536299.37704,4744508955.962209
2024-10-31 00:00:00 UTC,168.3016628954934,82308975731.50278,3723528772.6484985
2024-11-01 00:00:00 UTC,166.18647091101883,79234882945.24834,3397469110.300152
2024-11-02 00:00:00 UTC,166.13426687768649,78301351377.42328,3789270541.7741766
2024-11-03 00:00:00 UTC,162.4058720995642,78143649544.24498,1956083366.797504
2024-11-04 00:00:00 UTC,157.7032963389172,76484458929.26439,3332520788.325921
2024-11-05 00:00:00 UTC,166.83881513501177,74242512321.50035,3435154006.608754
2024-11-06 00:00:00 UTC,187.04466023813123,78520128934.9084,4237441246.8706174
2024-11-07 00:00:00 UTC,196.07450305953947,88128351936.64243,12348940443.964838
2024-11-08 00:00:00 UTC,199.7885260429773,92491895289.76189,6077633523.303971
2024-11-09 00:00:00 UTC,200.1864441951498,94297896906.36018,7228135094.299239
2024-11-10 00:00:00 UTC,210.1814735563269,94384728214.90158,4181416950.388791
2024-11-11 00:00:00 UTC,222.6762758323506,99120006675.74104,11046326811.968063
2024-11-12 00:00:00 UTC,212.1062052443343,105089594871.37875,13082660237.415352
2024-11-13 00:00:00 UTC,215.3834637816007,100055831422.49138,13774110145.050049
2024-11-14 00:00:00 UTC,209.49244740622663,101511317456.96722,13815427734.604744
2024-11-15 00:00:00 UTC,218.75925316209705,98862224612.46498,9797458130.969748
2024-11-16 00:00:00 UTC,215.8692211235572,103345543720.43468,7939081006.031355
2024-11-17 00:00:00 UTC,237.79893456847697,101882680638.60562,6228616411.379734
2024-11-18 00:00:00 UTC,239.83419419525916,112824517612.38657,13433514882.553629
2024-11-19 00:00:00 UTC,238.0895441728076,113817333463.6808,11436850228.286
2024-11-20 00:00:00 UTC,235.961003166697,113087339060.32056,8428681882.7128525
2024-11-21 00:00:00 UTC,256.92677160781585,111927359345.99171,8827406599.961964
2024-11-22 00:00:00 UTC,256.79471539222345,121997297991.16731,14687190453.062107
2024-11-23 00:00:00 UTC,255.06681194531583,121782734981.45998,9313838668.92415
2024-11-24 00:00:00 UTC,253.1938254290878,121121869506.8803,8384352602.317863
2024-11-25 00:00:00 UTC,234.11333937988695,120185870115.19711,7211277997.534441
2024-11-26 00:00:00 UTC,230.87206484232587,111207143910.45209,8586951944.370588
2024-11-27 00:00:00 UTC,241.31406502572997,109637728563.427,9744543983.013258
2024-11-28 00:00:00 UTC,237.59825210121585,115069862822.6805,7122845799.04339
2024-11-29 00:00:00 UTC,243.6555148383126,112874290119.43654,5366364916.022457
2024-11-30 00:00:00 UTC,237.7982631871283,115677755751.8222,5750525261.6060915
2024-12-01 00:00:00 UTC,237.12795352098908,113031551866.81776,4836742830.578798
2024-12-02 00:00:00 UTC,225.64966674205968,112821560955.99065,5043793100.816528
2024-12-03 00:00:00 UTC,234.56708905808225,107197964122.89777,9645148886.757792
2024-12-04 00:00:00 UTC,228.9440191202908,111461763457.54076,10418171915.608198
2024-12-05 00:00:00 UTC,236.88204418161695,108751824469.42397,8771476224.733946
2024-12-06 00:00:00 UTC,237.08967983009313,112616179388.4072,12688267968.227116
2024-12-07 00:00:00 UTC,238.73660294849844,112868590772.64828,8536304130.579239
2024-12-08 00:00:00 UTC,237.25023526135536,113660972351.9267,5246282522.284779
2024-12-09 00:00:00 UTC,217.31956230082196,113141787262.0763,4394517548.451145
2024-12-10 00:00:00 UTC,213.64941008070568,103695307134.71593,11417994694.23276
2024-12-11 00:00:00 UTC,227.42797704698128,101706508933.86324,11181878326.05963
2024-12-12 00:00:00 UTC,227.0146771049931,108887018209.5528,7560129096.487468
2024-12-13 00:00:00 UTC,224.40165966024136,108728655168.17969,6663335590.049919
2024-12-14 00:00:00 UTC,219.88046495446272,107737679528.85352,5139927286.88647
2024-12-15 00:00:00 UTC,224.2385448074248,105322865542.31088,3910323040.5634727
2024-12-16 00:00:00 UTC,216.62738532098888,107297273899.64262,4034074033.474916
2024-12-17 00:00:00 UTC,223.16641774761425,103792196656.8676,6463365450.979692
2024-12-18 00:00:00 UTC,205.8496695259534,106816265230.4552,7935923888.449059
2024-12-19 00:00:00 UTC,193.4391019839996,98274947682.4771,8489582634.478209
2024-12-20 00:00:00 UTC,194.3186328637751,93008695586.3164,10372994171.975817
2024-12-21 00:00:00 UTC,181.14212742041735,93118683323.15408,12124713245.35477
2024-12-22 00:00:00 UTC,180.26403731661185,86825693938.44312,6867144726.019421
2024-12-23 00:00:00 UTC,189.9645771365917,86313997006.1624,5152575433.862387
2024-12-24 00:00:00 UTC,197.13680297468625,91055502653.82253,6311241917.660086
2024-12-25 00:00:00 UTC,197.3639369089759,94756506666.00896,4219174899.333323
2024-12-26 00:00:00 UTC,188.24230884492104,94655557895.39842,3333953562.303831
2024-12-27 00:00:00 UTC,183.78268264882587,90272065923.76389,3635010839.4838
2024-12-28 00:00:00 UTC,194.80695879366775,88104776060.93872,3490979071.133094
2024-12-29 00:00:00 UTC,189.3853532746092,93469204571.07053,2603997038.977494
2024-12-30 00:00:00 UTC,190.94897788677193,91054606180.32896,2653889469.4038296
2024-12-31 00:00:00 UTC,189.1308219492221,91590089414.82854,3970141691.293773
2025-01-01 00:00:00 UTC,193.88036052875745,91415415864.71954,3976293753.068903
2025-01-02 00:00:00 UTC,207.96510645888108,93577727639.93138,2821201405.961169
2025-01-03 00:00:00 UTC,217.7922460482669,100347769193.9946,5101799280.661417
2025-01-04 00:00:00 UTC,216.58899195739025,105160180576.31056,4915056372.3493805
2025-01-05 00:00:00 UTC,213.4606702589206,104649994750.40628,2992540741.3741946
2025-01-06 00:00:00 UTC,218.50094652097837,103062683117.89915,3049589709.926119
2025-01-07 00:00:00 UTC,202.24624316592104,105538386217.08849,4281515115.743733
2025-01-08 00:00:00 UTC,197.36618605471023,97871768352.9052,5185878255.432977
2025-01-09 00:00:00 UTC,185.5005208385916,95447706152.62724,5968213562.098852
2025-01-10 00:00:00 UTC,187.6246718265342,89636364332.5884,4616027998.37538
2025-01-11 00:00:00 UTC,188.0473597405087,90803166748.53967,4477887709.461055
2025-01-12 00:00:00 UTC,188.4423183133153,91055016786.27974,2635774854.9467316
2025-01-13 00:00:00 UTC,182.941177046501,91276547294.00108,1864597848.802292
2025-01-14 00:00:00 UTC,187.48862198818537,88759379914.91525,6290949552.189166
2025-01-15 00:00:00 UTC,206.1665807484122,90784693569.57388,3314237805.077186
2025-01-16 00:00:00 UTC,211.1426954029178,99780490082.40186,4904051923.152381
2025-01-17 00:00:00 UTC,219.6565609021248,102766964858.14828,7118482371.86912
2025-01-18 00:00:00 UTC,262.08678863966026,106903256498.47523,5967747431.522631
2025-01-19 00:00:00 UTC,251.13908898234857,127541060933.61333,25499448350.330708
2025-01-20 00:00:00 UTC,242.4774898117497,122148942895.88702,34883311307.05254
2025-01-21 00:00:00 UTC,250.32405037205604,117773323138.00587,19401640423.57863
2025-01-22 00:00:00 UTC,256.9937057896341,121858073366.67802,12080608240.227262
2025-01-23 00:00:00 UTC,254.45363855993287,124784252082.30092,10357076391.171484
2025-01-24 00:00:00 UTC,253.58062206873595,123181418734.41418,10817940193.803322
2025-01-25 00:00:00 UTC,256.2663373774959,123379937403.96368,8585710052.511253
2025-01-26 00:00:00 UTC,240.88447835956111,124712300468.9698,5828871296.564243
2025-01-27 00:00:00 UTC,235.18915790812537,117257459492.5462,4740705878.860663
2025-01-28 00:00:00 UTC,227.03741861527683,114357603720.68327,12677128356.72428
2025-01-29 00:00:00 UTC,228.3123645874008,110546051450.3882,5727569173.828197
2025-01-30 00:00:00 UTC,238.81724491127733,111223061277.93584,6015664368.609403
2025-01-31 00:00:00 UTC,231.602073200465,116255078290.88248,5317129115.990427
2025-02-01 00:00:00 UTC,213.70321796418617,112768273715.63342,4757931973.315237
2025-02-02 00:00:00 UTC,202.94723943080984,104208669479.85864,4134943920.306203
2025-02-03 00:00:00 UTC,216.20485549145536,98863064434.64111,9771417425.730274
2025-02-04 00:00:00 UTC,206.95944713598027,105282738990.7408,17097768311.005236
2025-02-05 00:00:00 UTC,196.13029301886263,100800755618.72214,8468197532.4170065
2025-02-06 00:00:00 UTC,189.51906080625125,95515645781.47668,4544686875.731736
2025-02-07 00:00:00 UTC,191.86105145788125,92351745871.8459,4571880513.116523
2025-02-08 00:00:00 UTC,199.5034287518889,93671862383.86404,5269147928.728243
2025-02-09 00:00:00 UTC,200.52590502719147,97281731262.64798,2738419765.2586384
2025-02-10 00:00:00 UTC,200.27476600911476,97771848511.48364,3682456618.04205
2025-02-11 00:00:00 UTC,198.0159264384182,97685766115.0375,4875927289.108209
2025-02-12 00:00:00 UTC,196.58147901954908,96616487872.40144,4608327540.574722
2025-02-13 00:00:00 UTC,194.4038985688261,96028415697.74924,4982734693.666434
2025-02-14 00:00:00 UTC,199.70522220450704,94930957445.69324,3246887845.81093
2025-02-15 00:00:00 UTC,194.62624616951024,97546899495.61424,4313547910.797735
2025-02-16 00:00:00 UTC,188.2583455969012,94979618264.2689,2069828987.9048047
2025-02-17 00:00:00 UTC,177.69119052753183,91998719205.3815,2484342333.889532
2025-02-18 00:00:00 UTC,169.31484481844123,86784660920.61523,4960769775.752438
2025-02-19 00:00:00 UTC,169.2558255968449,82655474161.89877,7428157805.937054
2025-02-20 00:00:00 UTC,176.07111592892218,82674381665.98141,4101159817.4451327
2025-02-21 00:00:00 UTC,168.27235767783517,86019892845.25928,3738461101.027212
2025-02-22 00:00:00 UTC,172.1318448976217,82532092509.8473,5317715553.23611
2025-02-23 00:00:00 UTC,168.0371949119885,84129492644.01201,2438608504.592642
2025-02-24 00:00:00 UTC,141.95721644889892,82151538290.72841,1844764306.0926664
2025-02-25 00:00:00 UTC,143.9120988193395,69959580865.8162,8108024222.148725
2025-02-26 00:00:00 UTC,135.1905855628062,71584311892.32211,10692461830.312344
2025-02-27 00:00:00 UTC,137.56033211646738,67310375715.79814,5583200828.288525
2025-02-28 00:00:00 UTC,147.9836133073797,68529881147.22796,4243232154.845538
2025-03-01 00:00:00 UTC,143.44113092317198,73817670090.19037,8984410040.836687
2025-03-02 00:00:00 UTC,177.4614757266242,72752639031.68929,3739048940.595553
2025-03-03 00:00:00 UTC,142.33079368156916,90471767400.47968,13760135058.763186
2025-03-04 00:00:00 UTC,144.34421771992618,72316776471.08228,10357057360.050476
2025-03-05 00:00:00 UTC,146.38369390845494,73547293168.08582,8945656985.73177
2025-03-06 00:00:00 UTC,143.27728103015008,74336086151.01804,5059890172.873141
2025-03-07 00:00:00 UTC,139.17767112013993,72855390520.18039,4926262535.911313
2025-03-08 00:00:00 UTC,136.88061998904374,70823466859.2552,6574140413.761383
2025-03-09 00:00:00 UTC,126.46575756528398,69662293805.06221,2454232275.775932
2025-03-10 00:00:00 UTC,118.2555618539264,64282886925.60975,3805014894.328572
2025-03-11 00:00:00 UTC,125.60918049439393,60408032270.92932,6245194696.814261
2025-03-12 00:00:00 UTC,126.4391578105035,63907132054.42636,6009171784.975579
2025-03-13 00:00:00 UTC,123.15244426174009,64389652844.780945,4677685580.66695
2025-03-14 00:00:00 UTC,133.50475868683887,62769393485.59542,3266846958.953962
2025-03-15 00:00:00 UTC,135.8230987730736,68030322763.836044,3645119706.61092
2025-03-16 00:00:00 UTC,126.12075813943136,69230909526.84732,2162155804.85865
2025-03-17 00:00:00 UTC,128.03853611126996,64302851686.53904,2797837139.505679
2025-03-18 00:00:00 UTC,125.1366903371201,65312725213.03406,2823882488.569244
2025-03-19 00:00:00 UTC,136.0876520053557,63881801285.625854,2903859000.971356
2025-03-20 00:00:00 UTC,127.52655163854575,69218358522.85936,4270809317.0498457
2025-03-21 00:00:00 UTC,128.3224082797284,65127765308.06872,2916873266.9850035
2025-03-22 00:00:00 UTC,128.4124965697261,65537252210.41517,2675022717.253838
2025-03-23 00:00:00 UTC,132.62428697488463,65573751718.39402,1625823753.474016
2025-03-24 00:00:00 UTC,140.98195645071056,67555444283.60532,1957781715.8587208
2025-03-25 00:00:00 UTC,143.70042696784415,72058770003.54799,4990096755.223764
2025-03-26 00:00:00 UTC,137.18727633983,73581032039.06445,4132762890.196812
2025-03-27 00:00:00 UTC,138.3659974567981,70129327444.51294,3535062525.2321234
2025-03-28 00:00:00 UTC,129.54591048159858,70766324911.57715,3084152345.4342933
2025-03-29 00:00:00 UTC,124.45125215917422,66265822530.83076,3964751266.80375
2025-03-30 00:00:00 UTC,124.68140286594496,63761496676.80074,2647558703.5215898
2025-03-31 00:00:00 UTC,124.6302538542775,63857606030.83567,1873225576.369918
2025-04-01 00:00:00 UTC,126.64506417709252,63921736413.2577,3736554660.933115
2025-04-02 00:00:00 UTC,117.6455146995768,64934090784.81006,3457458806.6451373
2025-04-03 00:00:00 UTC,117.20897408112712,60554316318.78751,6262318133.583268
2025-04-04 00:00:00 UTC,122.69291763041834,60028594140.10137,5406856169.648231
2025-04-05 00:00:00 UTC,120.1663457446031,63113411841.72937,6054622243.313048
2025-04-06 00:00:00 UTC,105.90979778269,61840078525.505615,1925412339.2232344
2025-04-07 00:00:00 UTC,106.93963222011568,54443310868.19534,4394000746.743191
2025-04-08 00:00:00 UTC,105.49815675205372,55287675172.0351,9864288625.804356
2025-04-09 00:00:00 UTC,119.047588932082,54362374994.19223,6147301167.434085
2025-04-10 00:00:00 UTC,112.76812456115996,61368628050.71181,8257348506.886958
2025-04-11 00:00:00 UTC,121.40791436432416,58197763611.61898,4909413901.111109
2025-04-12 00:00:00 UTC,132.2374047346463,62656411412.85186,4494105637.356205
2025-04-13 00:00:00 UTC,128.22071236489504,68247872783.84853,4625048117.36999
2025-04-14 00:00:00 UTC,129.42751110814416,66173646618.9431,4288203354.80009
2025-04-15 00:00:00 UTC,126.155159550149,66812457993.014046,5048409583.752672
2025-04-16 00:00:00 UTC,131.37271728551897,65152682456.73045,3724031539.497457
2025-04-17 00:00:00 UTC,134.68009015343168,67840719169.612114,5108518324.561538
2025-04-18 00:00:00 UTC,134.06259572851835,69521495303.59706,4014030939.1538506
2025-04-19 00:00:00 UTC,139.68890852065067,69255414582.6942,2473026255.5829964
2025-04-20 00:00:00 UTC,137.74596029883554,72156157459.08229,2810053887.4521027
2025-04-21 00:00:00 UTC,136.3966539793964,71198632182.69197,3194469972.737974
2025-04-22 00:00:00 UTC,148.82906679056697,70491577397.05385,4744140419.143928
2025-04-23 00:00:00 UTC,151.13801007727258,76974878466.5065,5470348811.567229
2025-04-24 00:00:00 UTC,152.38278379542862,78164050722.71768,5415960939.50729
2025-04-25 00:00:00 UTC,150.93931392945854,78848034680.12422,4521136443.657
2025-04-26 00:00:00 UTC,149.21140272856692,78097133728.42766,5079367057.994297
2025-04-27 00:00:00 UTC,148.1815812262508,77223788474.72188,2427178061.130004
2025-04-28 00:00:00 UTC,147.8431031983136,76698194414.63617,2289208844.892764
2025-04-29 00:00:00 UTC,146.4367944041998,76595947482.73477,4355155946.655062
2025-04-30 00:00:00 UTC,147.6740696893332,75809450183.37485,3243659570.351269
2025-05-01 00:00:00 UTC,150.86071366338322,76476179387.34753,3337308017.4956994
2025-05-02 00:00:00 UTC,148.07435985209597,78117312775.5118,3698083179.558843
2025-05-03 00:00:00 UTC,146.76250020185466,76701325532.19409,3189224403.9275684
2025-05-04 00:00:00 UTC,143.9252955432027,76038474849.71373,1774064203.287596
2025-05-05 00:00:00 UTC,146.7609340137317,74608370375.0755,1835274512.3092864
2025-05-06 00:00:00 UTC,146.9414688574223,76058537076.126,2602923853.4689803
2025-05-07 00:00:00 UTC,147.2086358738499,76129485598.0785,3129712391.2676325
2025-05-08 00:00:00 UTC,163.87963078454314,76373182623.03139,4808041594.185961
2025-05-09 00:00:00 UTC,172.75936686198438,84959518440.36949,7645514030.310112
2025-05-10 00:00:00 UTC,177.60511734733396,89646794855.98799,8692525696.861729
2025-05-11 00:00:00 UTC,173.01949322534722,92117420440.2152,4652554309.70052
2025-05-12 00:00:00 UTC,174.3256429431102,89794299998.24785,4710299142.926565
2025-05-13 00:00:00 UTC,183.62696877967045,90552619193.39746,7997435145.755582
2025-05-14 00:00:00 UTC,176.47843974554337,95546725983.6772,6439731923.317297
2025-05-15 00:00:00 UTC,169.00166352554572,91684536034.81982,5799492363.934581
2025-05-16 00:00:00 UTC,167.69141197525246,87812574942.5446,5360617523.909695
2025-05-17 00:00:00 UTC,165.95593976071686,87169134759.27814,4387657896.9064245
2025-05-18 00:00:00 UTC,172.3695951495799,86268155825.63129,3261832060.203596
2025-05-19 00:00:00 UTC,166.77865682405533,89590618781.47337,4754499441.8771
2025-05-20 00:00:00 UTC,168.5299343010988,86688526627.85785,4854670368.64818
2025-05-21 00:00:00 UTC,173.9699246118652,87618829780.30128,4679248470.247457
2025-05-22 00:00:00 UTC,179.58278699443397,90439042221.8952,6296264317.904799
2025-05-23 00:00:00 UTC,174.300135645209,93414185121.98256,5790080901.052154
2025-05-24 00:00:00 UTC,176.03807724380405,90688069780.47636,8468289866.360923
2025-05-25 00:00:00 UTC,175.41719080999405,91598084180.26068,3530722361.9679413
2025-05-26 00:00:00 UTC,174.7623551169238,91196695579.2095,3924383192.0408897
2025-05-27 00:00:00 UTC,176.61126694922166,90934643943.21794,3199193820.0813923
2025-05-28 00:00:00 UTC,172.13625427729866,91910040248.43578,4146498351.2733126
2025-05-29 00:00:00 UTC,166.82231499956265,89675177339.16125,3798670837.013422
2025-05-30 00:00:00 UTC,156.45705193078808,86843680663.37463,3770506586.9715514
2025-05-31 00:00:00 UTC,156.81892683198058,81725983232.75945,4814557612.940892
2025-06-01 00:00:00 UTC,157.67822511670545,81926452532.05086,3054905646.382608
2025-06-02 00:00:00 UTC,156.87801175906358,82356694292.95102,2745231631.3294444
2025-06-03 00:00:00 UTC,155.54735405990385,81973249237.30649,3300078715.894777
2025-06-04 00:00:00 UTC,153.48092565751298,81282719373.75719,3995466422.0768433
2025-06-05 00:00:00 UTC,144.52672928422646,80426856422.06084,2889859886.5828676
2025-06-06 00:00:00 UTC,147.92931070518813,75758661131.01852,5152675494.926663
2025-06-07 00:00:00 UTC,150.0641688812615,77601575200.73239,3072553009.1616464
2025-06-08 00:00:00 UTC,152.48177880286227,78760854581.55101,2061087546.6509929
2025-06-09 00:00:00 UTC,161.07828408236898,80024670399.94962,2131499192.0828564
2025-06-10 00:00:00 UTC,165.0658669450318,84595118551.36685,3965131247.048473
2025-06-11 00:00:00 UTC,161.03325643236195,86617827545.35019,5391696958.657156
2025-06-12 00:00:00 UTC,152.59908391651598,84590821263.8149,5779680824.403651
2025-06-13 00:00:00 UTC,148.60593709423736,80285894233.06946,3978120212.787558
2025-06-14 00:00:00 UTC,144.7210910133083,78375808600.20879,6872520206.306827
2025-06-15 00:00:00 UTC,152.8068317762883,76352498787.9296,2337584839.158262
2025-06-16 00:00:00 UTC,150.91948379605867,80609235035.73772,3910788217.848224
2025-06-17 00:00:00 UTC,147.70907796773494,79832620026.39067,5108769746.018
2025-06-18 00:00:00 UTC,146.3566105516035,78057340218.83664,5058859775.0210285
2025-06-19 00:00:00 UTC,147.07450028681964,77214970767.98291,4141746456.9062886
2025-06-20 00:00:00 UTC,140.06443368517282,77662171586.64543,3312048150.889532
2025-06-21 00:00:00 UTC,135.0642370364195,74352627907.47485,4928064945.18634
2025-06-22 00:00:00 UTC,131.68185048043165,71451696068.52731,4034623415.516404
2025-06-23 00:00:00 UTC,144.64991986155323,69927452829.6798,5977277087.384843
2025-06-24 00:00:00 UTC,145.92410681470017,76923396978.51631,6820926160.22686
2025-06-25 00:00:00 UTC,143.55968861176893,77472931144.34717,3840190904.26804
2025-06-26 00:00:00 UTC,139.01894781145768,76703570693.22577,3612718436.205556
2025-06-27 00:00:00 UTC,142.11775267774112,74282534694.46078,4084177531.453604
2025-06-28 00:00:00 UTC,150.79398515242073,75948640759.52054,3875527892.351277
2025-06-29 00:00:00 UTC,153.31956096800286,80583713241.89891,3493414360.3355885
2025-06-30 00:00:00 UTC,154.95869922526998,81941734208.35605,3054155271.901354
2025-07-01 00:00:00 UTC,146.856904652021,82798079646.35919,5750934265.801009
2025-07-02 00:00:00 UTC,152.29223561513507,78514301426.30806,4177077445.0531826
2025-07-03 00:00:00 UTC,152.43259477925147,81330072021.18997,4033059763.9900055
2025-07-04 00:00:00 UTC,147.71291130784104,81456659660.20557,4430478495.413453
2025-07-05 00:00:00 UTC,147.58844120727048,78972351039.33578,4098290763.870889
2025-07-06 00:00:00 UTC,151.91620078393134,78937739163.89314,1849789809.3082955
2025-07-07 00:00:00 UTC,148.85292668054618,81248796347.75713,3557732323.875861
2025-07-08 00:00:00 UTC,151.81785529214775,79718424857.37035,4159185085.3193703
2025-07-09 00:00:00 UTC,157.21815713505868,81327984677.48866,4533826393.530908
2025-07-10 00:00:00 UTC,163.76462800100427,84235280469.79173,5340040519.892465
2025-07-11 00:00:00 UTC,162.99498737239335,87802504923.428,9667920888.738297
2025-07-12 00:00:00 UTC,160.67087970823397,87280513273.48949,14978387083.857077
2025-07-13 00:00:00 UTC,161.1570513567057,86132696589.36258,7373414215.401156
2025-07-14 00:00:00 UTC,162.2828764816799,86410143682.40868,7209118830.040292
2025-07-15 00:00:00 UTC,163.98907873743036,87009916094.12097,14480422375.190191
2025-07-16 00:00:00 UTC,173.86590893071835,87938089432.39937,12918339167.702805
2025-07-17 00:00:00 UTC,176.2389981583012,93486380923.7832,17515875336.68983
2025-07-18 00:00:00 UTC,177.34717500216686,94710846451.67844,16451340217.730988
2025-07-19 00:00:00 UTC,176.93804931149432,95380723099.51552,18976949636.059868
2025-07-20 00:00:00 UTC,181.24698911515392,95179222658.37444,8118318042.736858
2025-07-21 00:00:00 UTC,196.27303257604288,97491396246.76752,13935817142.748932
2025-07-22 00:00:00 UTC,205.1942664134284,105679621793.60236,24957618193.710827
2025-07-23 00:00:00 UTC,189.56589037810673,110449391643.35678,33286532419.3804
2025-07-24 00:00:00 UTC,182.52726939856984,102038938404.78545,22821696373.599663
2025-07-25 00:00:00 UTC,186.61712518851544,98232074436.61726,19551920286.010273
2025-07-26 00:00:00 UTC,184.82788810899535,100452144475.59167,17700285120.929935
2025-07-27 00:00:00 UTC,188.5326957368455,99545326970.88042,6099642692.505695
2025-07-28 00:00:00 UTC,183.07561178603743,101448167439.55908,7046119018.462247
2025-07-29 00:00:00 UTC,181.20893613953297,98421584712.77531,11843510166.660696
2025-07-30 00:00:00 UTC,177.80967896677046,97506293018.36977,5755887847.795901
2025-07-31 00:00:00 UTC,172.07722112539173,95667137100.08734,6360298327.643589
2025-08-01 00:00:00 UTC,162.74607331420304,92645002061.64577,5652199803.20742
2025-08-02 00:00:00 UTC,158.4169874778152,87608862241.09743,8508633804.572054
2025-08-03 00:00:00 UTC,161.84702994994532,85282368166.05534,3473816873.170018
2025-08-04 00:00:00 UTC,169.23693901090616,87198279380.86256,3776433495.2472615
2025-08-05 00:00:00 UTC,163.96663271750046,91197784161.34314,5168099247.60198
2025-08-06 00:00:00 UTC,168.0133753296729,88303826701.34767,4964961738.536259
2025-08-07 00:00:00 UTC,175.24536237190026,90565564656.6822,3998083538.6948543
2025-08-08 00:00:00 UTC,176.85994681117458,94572680364.81367,5179011381.78271
2025-08-09 00:00:00 UTC,180.23120872544553,95360136097.30524,6477136714.484282
2025-08-10 00:00:00 UTC,182.68928635422543,97204584912.8049,5184734376.202236
2025-08-11 00:00:00 UTC,174.95725734067068,98574419015.83392,6546647611.187143
2025-08-12 00:00:00 UTC,191.786448282662,94438413642.45692,7213285932.0577345
2025-08-13 00:00:00 UTC,201.63465961943675,103709619943.25044,8499386187.660736
2025-08-14 00:00:00 UTC,192.77887110952457,108807054715.8758,11997023463.318636
2025-08-15 00:00:00 UTC,185.7012861074167,103974978592.26991,14432323602.345518
2025-08-16 00:00:00 UTC,189.73550316648365,100246103133.95271,8551730178.716981
2025-08-17 00:00:00 UTC,191.5224013652545,102458994883.90694,4453374055.42001
2025-08-18 00:00:00 UTC,183.0420032091928,103498590849.65073,4344108110.659036
2025-08-19 00:00:00 UTC,176.277152416671,98857018832.1436,6364151363.2255745
2025-08-20 00:00:00 UTC,187.6039331805977,95269629007.20668,6014715596.720244
2025-08-21 00:00:00 UTC,180.4356117215392,101275224461.0668,6320408538.132931
2025-08-22 00:00:00 UTC,200.33815382131016,97394407426.68242,5327583196.932759
2025-08-23 00:00:00 UTC,204.26695971397615,108244515874.7507,10141897992.846985
2025-08-24 00:00:00 UTC,205.8864929558642,110247878135.4331,7715825757.391714
2025-08-25 00:00:00 UTC,187.1981730972964,111232070714.13795,11216034110.014893
2025-08-26 00:00:00 UTC,195.91060255077917,101201584120.9974,12342333925.468962
2025-08-27 00:00:00 UTC,202.9300220995657,105940691853.63528,7979906425.303027
2025-08-28 00:00:00 UTC,214.39876962284723,109824585431.81598,12660007322.901917
2025-08-29 00:00:00 UTC,205.07947238238825,115946885175.3612,11862378688.181248
2025-08-30 00:00:00 UTC,202.77953295987925,110968712621.80511,13461095430.884771
2025-08-31 00:00:00 UTC,200.2316827563737,109660747731.8798,5590954378.5780525
2025-09-01 00:00:00 UTC,197.13232717052787,108507632681.98434,5217505225.084079
2025-09-02 00:00:00 UTC,209.1057953326883,106497476921.76358,7473044246.28394
2025-09-03 00:00:00 UTC,210.7382384629725,113350757348.47733,8740534141.143827
2025-09-04 00:00:00 UTC,202.49350614681552,114013821301.83704,6793400396.447489
2025-09-05 00:00:00 UTC,203.4270263475836,109574411036.3816,5144983730.314084
2025-09-06 00:00:00 UTC,200.27623765774015,110114510867.43684,7542735950.276475
2025-09-07 00:00:00 UTC,206.43780404375596,108388640227.09706,2971294358.8861513
2025-09-08 00:00:00 UTC,214.3258796857092,111936108428.27112,4052761118.3838816
2025-09-09 00:00:00 UTC,217.33292585152705,116104221486.70192,9796374453.158924
2025-09-10 00:00:00 UTC,224.0522665870488,117793740791.56224,9090322416.651497
2025-09-11 00:00:00 UTC,228.68827626713545,121457277518.88857,9274525839.328798
2025-09-12 00:00:00 UTC,242.21885145623688,124027752904.53802,10123024680.71655
2025-09-13 00:00:00 UTC,242.57070224470883,131403208918.62154,13435327624.15925
2025-09-14 00:00:00 UTC,240.23085854705676,131625546341.2104,7479398187.822649
2025-09-15 00:00:00 UTC,234.22097461011532,130342139299.4678,9734700582.685871
2025-09-16 00:00:00 UTC,236.9184933999762,127113164622.67868,10008963044.868086
2025-09-17 00:00:00 UTC,244.7148602803344,128652381344.81789,7468783573.867075
2025-09-18 00:00:00 UTC,247.59944363004428,132890974639.33269,10534742513.578724
2025-09-19 00:00:00 UTC,238.56271348048392,134431076937.1743,9510189360.823055
2025-09-20 00:00:00 UTC,239.56497982373855,129484973439.8616,7703199350.23078
2025-09-21 00:00:00 UTC,236.4512767492593,130108654130.58466,3612037313.082381
2025-09-22 00:00:00 UTC,220.45569255221633,128505214266.2901,3686521866.0114594
2025-09-23 00:00:00 UTC,213.6985956125151,119744016501.18456,12277874311.829329
2025-09-24 00:00:00 UTC,211.62431724598696,116312284438.07846,7578447364.289837
2025-09-25 00:00:00 UTC,193.41099740739065,114996975274.61714,8442641499.804447
2025-09-26 00:00:00 UTC,204.81544207335943,104819839362.79865,12140072794.410748
2025-09-27 00:00:00 UTC,203.5629663855269,111501912422.75436,10254205386.472954
2025-09-28 00:00:00 UTC,210.7475002663132,110641210984.33028,3978952053.3254952
2025-09-29 00:00:00 UTC,212.92369932398225,114531174288.2742,4510072227.911247
2025-09-30 00:00:00 UTC,208.8579841163509,115714682809.00015,6915230288.760772
2025-10-01 00:00:00 UTC,221.87788206611364,113486854549.89207,7032930519.400962
2025-10-02 00:00:00 UTC,234.78399661993015,120581311040.91992,8557349874.011452
2025-10-03 00:00:00 UTC,233.04397396283912,127563264324.789,9869215902.65052
2025-10-04 00:00:00 UTC,228.00950694210047,127073891407.65285,9392167648.149923
2025-10-05 00:00:00 UTC,228.51623325831756,124310880122.60092,4566726556.261829
2025-10-06 00:00:00 UTC,232.63341831761747,124636724973.72264,7090859671.854522
2025-10-07 00:00:00 UTC,220.38956435964568,126812715518.15552,7648318775.754885
2025-10-08 00:00:00 UTC,229.091625881658,120321345605.73135,9458899184.19544
2025-10-09 00:00:00 UTC,220.95337084458515,125078490889.5338,7325936210.286918
2025-10-10 00:00:00 UTC,188.7926485329733,120639193602.9175,7922861949.949832
2025-10-11 00:00:00 UTC,177.98430501390146,103689668260.11702,16970012306.231865
2025-10-12 00:00:00 UTC,197.2146674369267,97358486241.74402,12830059467.37137
2025-10-13 00:00:00 UTC,208.60633453023536,107759898073.52504,12190105023.041872
2025-10-14 00:00:00 UTC,202.58499940260515,113707945368.43063,11564579472.104095
2025-10-15 00:00:00 UTC,193.98189964651897,110743617928.48576,13515883451.061996
2025-10-16 00:00:00 UTC,184.676653314175,106046701958.24773,9756030641.697218
2025-10-17 00:00:00 UTC,182.1459454130084,100984533524.7488,9891974309.853312
2025-10-18 00:00:00 UTC,187.6503123404748,99541344289.88818,10280260359.681362
2025-10-19 00:00:00 UTC,187.79198147575528,102629300096.89812,4073835112.842372
2025-10-20 00:00:00 UTC,189.717698834749,102612518381.1074,4826955084.363719
2025-10-21 00:00:00 UTC,185.72442261780827,103759163273.00163,6084411743.296285
2025-10-22 00:00:00 UTC,180.0884506434004,101518840032.56673,8158154260.997603
2025-10-23 00:00:00 UTC,191.4105154932252,98437766687.7109,7302678368.731696
2025-10-24 00:00:00 UTC,193.5224673498789,105132033989.23325,6324648470.91366
2025-10-25 00:00:00 UTC,193.93319201308577,106331061519.20493,5821180532.436272
2025-10-26 00:00:00 UTC,200.0215931980344,106609827331.2564,3144230522.592254
2025-10-27 00:00:00 UTC,198.77163279922976,109941212256.89188,4825506003.880374
2025-10-28 00:00:00 UTC,194.29867849889453,109253080319.50624,6673402164.771636
2025-10-29 00:00:00 UTC,194.0726847621732,106876180902.7856,8023133206.403953
2025-10-30 00:00:00 UTC,184.49846534649268,106821520882.5694,8177681607.778722
2025-10-31 00:00:00 UTC,187.1659046571601,101438430148.42662,8510471370.736265
2025-11-01 00:00:00 UTC,186.31885199348687,103387355342.2991,5699350698.884739
2025-11-02 00:00:00 UTC,187.67222619735156,102978636736.43712,2749569575.6249213
2025-11-03 00:00:00 UTC,165.88821459720248,103550637011.92291,3237063319.8650713
2025-11-04 00:00:00 UTC,155.1980725305336,91710583911.5815,9739295820.729376
2025-11-05 00:00:00 UTC,162.46544782382182,85867741505.19081,11501468029.627775
2025-11-06 00:00:00 UTC,155.05793557990853,89882349113.75185,6852893993.993001
2025-11-07 00:00:00 UTC,161.69017397076755,85637809693.55705,5565946076.765333
2025-11-08 00:00:00 UTC,157.796348381377,89556853447.44725,6629474688.982475
2025-11-09 00:00:00 UTC,164.4107555710944,87423537136.50342,3760261989.2480073
2025-11-10 00:00:00 UTC,167.38292233660445,90982628986.2251,4365967723.095303
2025-11-11 00:00:00 UTC,154.65635090993268,92751637699.99097,5558136469.523835
2025-11-12 00:00:00 UTC,153.25824234818612,85536087818.74721,6147831536.860157
2025-11-13 00:00:00 UTC,144.6022158116688,84884069704.18701,5886067748.38089
2025-11-14 00:00:00 UTC,138.98547920304102,80271988879.75919,7320956526.904868
2025-11-15 00:00:00 UTC,139.26651582272305,76929387744.69238,8508216055.263304
2025-11-16 00:00:00 UTC,137.13897250282486,77307096399.47191,3469420160.3009524
2025-11-17 00:00:00 UTC,130.8066278178265,76130695568.86363,4918220222.215703
2025-11-18 00:00:00 UTC,140.6208727874062,72513999607.94305,7508376707.489581
2025-11-19 00:00:00 UTC,136.71697636188486,77944679242.58017,7706281842.08937
2025-11-20 00:00:00 UTC,133.61111774040782,75684272094.71347,6202859434.975173
2025-11-21 00:00:00 UTC,128.57234151997437,74687577164.42818,8661110545.526552
2025-11-22 00:00:00 UTC,127.55257578894552,71838401977.32182,10306509554.94346
2025-11-23 00:00:00 UTC,130.58087966204394,71317106141.65437,3617240760.322332
2025-11-24 00:00:00 UTC,138.35323319673398,73114651434.34904,3999536087.9999633
2025-11-25 00:00:00 UTC,138.9326415526744,77369995007.22118,6424538087.9628935
2025-11-26 00:00:00 UTC,143.01829550662933,77741514289.47105,4811649397.906862
2025-11-27 00:00:00 UTC,140.84645123344353,79964562997.78036,5994946529.50749
2025-11-28 00:00:00 UTC,137.40059276029743,78777617550.5348,3814128051.674114
2025-11-29 00:00:00 UTC,136.02333573557007,76892248915.04913,5368927107.466998
2025-11-30 00:00:00 UTC,133.82640627084265,76125597884.38597,2716162176.896452
2025-12-01 00:00:00 UTC,126.67388526602132,75212508274.44011,3472787485.829062
2025-12-02 00:00:00 UTC,138.67222008976705,70923410354.07248,6674128855.637002
2025-12-03 00:00:00 UTC,144.82904690237106,77635277544.71228,6896706362.923059
2025-12-04 00:00:00 UTC,139.01629771281043,81110970338.41089,6469062880.93247
2025-12-05 00:00:00 UTC,133.231965401601,77834176036.77179,4776241858.132248
2025-12-06 00:00:00 UTC,132.2605923315256,74608412428.0159,5058535609.614375
2025-12-07 00:00:00 UTC,131.95984726955456,74070265738.64984,2352490833.4499555
2025-12-08 00:00:00 UTC,133.22869851109667,73905195886.10242,4327711104.85745
2025-12-09 00:00:00 UTC,137.8941468193958,74829141491.71165,5255686871.5274
2025-12-10 00:00:00 UTC,136.36516972784412,77434949433.21436,6353795130.695644
2025-12-11 00:00:00 UTC,136.47367573628597,76658507921.76013,6595354012.867017
2025-12-12 00:00:00 UTC,132.30236894589092,76639905565.78624,6534603991.070751
2025-12-13 00:00:00 UTC,133.17026302389507,74342595466.03441,5832580362.281503
2025-12-14 00:00:00 UTC,129.49535610673396,74854038558.72456,2252195824.251755
2025-12-15 00:00:00 UTC,127.71787718749329,72828942194.31668,2820681803.676568
2025-12-16 00:00:00 UTC,129.09757727148104,71791828077.9072,5663730577.351576
2025-12-17 00:00:00 UTC,123.1722233035213,72575132422.95251,4580331422.054304
2025-12-18 00:00:00 UTC,119.53477491010813,69177061591.60219,5988105092.622178
2025-12-19 00:00:00 UTC,126.19398384656624,67187117118.504906,6379446146.957166
2025-12-20 00:00:00 UTC,125.78203025133216,70937152002.24133,5597546928.431469
2025-12-21 00:00:00 UTC,126.02413413596209,70732315808.9821,1873438825.7984693
2025-12-22 00:00:00 UTC,125.82827489791832,70852545495.81837,2597673334.32709
2025-12-23 00:00:00 UTC,124.03308958475714,70725838985.34245,4032150660.523798
2025-12-24 00:00:00 UTC,122.460155121348,69753898308.3321,3455716627.5501533
2025-12-25 00:00:00 UTC,120.01776608161182,68912990781.20845,2583982445.8941655
2025-12-26 00:00:00 UTC,122.19194432561508,67527251817.4201,2466935722.523718
2025-12-27 00:00:00 UTC,124.67249933750114,68754169608.94904,4179421976.033216
2025-12-28 00:00:00 UTC,125.15033815137768,70150238432.77664,1873509643.8616233
2025-12-29 00:00:00 UTC,123.12034386014282,70460720002.73882,2237013657.4398346
2025-12-30 00:00:00 UTC,124.82656574921522,69280873839.90186,5194751447.630124
2025-12-31 00:00:00 UTC,124.52107166245452,70287099902.24979,3448572332.3951654
2026-01-01 00:00:00 UTC,126.95621771235598,67615121227.52725,4630115870.0734215
2026-01-02 00:00:00 UTC,132.31679963702925,68937409039.3215,2577741993.5544615
2026-01-03 00:00:00 UTC,133.30031232821088,71848212743.84955,4610750565.580847
2026-01-04 00:00:00 UTC,134.43165907625135,72382261551.45476,2609331742.9730067
2026-01-05 00:00:00 UTC,138.0003095859337,72996584464.82068,3038018996.8253036
2026-01-06 00:00:00 UTC,140.8297481272592,74934366830.56306,4869355200.753829
2026-01-07 00:00:00 UTC,136.19851494230633,76470756032.99591,6070588562.286307
2026-01-08 00:00:00 UTC,138.37930950675758,73955989744.42442,4048166632.276265
2026-01-09 00:00:00 UTC,135.86713631404515,75140164333.34393,4753587618.801249
2026-01-10 00:00:00 UTC,135.84312878216107,73776050672.08148,4829532489.117524
2026-01-11 00:00:00 UTC,139.3201851544604,73763014547.69672,1679263951.9769797
2026-01-12 00:00:00 UTC,139.07230582809257,75651061164.94128,3156774482.495561
2026-01-13 00:00:00 UTC,145.73859432253883,75516462333.76842,6023569103.177238
2026-01-14 00:00:00 UTC,146.51080044413305,79136266585.94754,6937255626.185936
2026-01-15 00:00:00 UTC,142.37528313106432,79555575621.97774,5243436903.421723
2026-01-16 00:00:00 UTC,144.91193902286835,77309983765.68799,4072289172.4284463
2026-01-17 00:00:00 UTC,143.68428258663917,78687391567.81316,3333559836.510176
2026-01-18 00:00:00 UTC,135.50334566395688,78020772355.07135,1617770172.3976188
2026-01-19 00:00:00 UTC,133.4132387086627,73578511825.21194,2773931110.537374
2026-01-20 00:00:00 UTC,126.10764632319889,72443580738.65814,4100379502.827502
2026-01-21 00:00:00 UTC,129.72621773671372,68476633553.03593,4946860262.895155
2026-01-22 00:00:00 UTC,128.50157375860476,70441523041.44725,4717631462.533565
2026-01-23 00:00:00 UTC,127.45408198467358,69776539597.80278,2830349177.3459754
2026-01-24 00:00:00 UTC,127.3909695406124,69207750056.13239,3203616011.1368947
2026-01-25 00:00:00 UTC,118.66203053729117,69173479908.12299,1387940827.6683345
2026-01-26 00:00:00 UTC,124.18651087241786,64433653459.333954,4802988600.922261
2026-01-27 00:00:00 UTC,127.20506143377902,67433454236.7578,3765926144.086053
2026-01-28 00:00:00 UTC,125.36504185209182,69072531538.3981,3229671536.4282436
2026-01-29 00:00:00 UTC,117.8829797223508,68073398255.84769,3093780982.0939064
2026-01-30 00:00:00 UTC,117.47753461829744,64010627744.96018,4845989357.669186
2026-01-31 00:00:00 UTC,105.49281488444598,63790470469.6037,6131354583.524637
2026-02-01 00:00:00 UTC,100.881066130847,57282750395.695595,8591830388.973656
2026-02-02 00:00:00 UTC,104.39215459693564,54778564181.40755,4826990625.731281
2026-02-03 00:00:00 UTC,97.6309479602485,56685090274.58714,6429128481.543408
2026-02-04 00:00:00 UTC,92.0568681732404,53013745334.485695,5038427190.175277
2026-02-05 00:00:00 UTC,78.40434132437782,49987011983.26525,6374861538.000151
2026-02-06 00:00:00 UTC,86.97764557641793,42573670244.20398,8848445441.03025
2026-02-07 00:00:00 UTC,87.54346373381755,47228986798.92773,11019824458.240084
2026-02-08 00:00:00 UTC,87.2357989380757,47536226873.19418,4481236124.153687
2026-02-09 00:00:00 UTC,86.80274713927635,47369164446.05801,2792263299.689983
2026-02-10 00:00:00 UTC,82.97679507645698,47134016695.69982,3683479932.0629253
2026-02-11 00:00:00 UTC,79.55930152154403,45056519216.08055,2903282302.9397154
2026-02-12 00:00:00 UTC,78.62969332713851,43200815294.44939,3850155909.5965605
2026-02-13 00:00:00 UTC,84.45790130055087,42696036706.21801,3289208461.699722
2026-02-14 00:00:00 UTC,88.16311329534221,45860762028.60968,3353870726.1666565
2026-02-15 00:00:00 UTC,86.28536644166955,47872697477.41969,2710809246.1289887
2026-02-16 00:00:00 UTC,86.5771448069784,46853078231.85255,3710825666.100695
2026-02-17 00:00:00 UTC,85.34355742185454,47011514304.38657,3260801172.655849
2026-02-18 00:00:00 UTC,81.75815785366494,46341674577.85419,2867968005.2955337
2026-02-19 00:00:00 UTC,82.6525984959415,44394797449.223114,2911232671.6944275
2026-02-20 00:00:00 UTC,84.79782002630832,44880480006.00593,2649150150.6158447
2026-02-21 00:00:00 UTC,85.4563629671115,46045338386.19114,3470348593.1451
2026-02-22 00:00:00 UTC,78.74991176781678,46402928151.37276,1782192293.4525228
2026-02-23 00:00:00 UTC,78.26986413795304,42761315492.62518,2158912618.139571
2026-02-24 00:00:00 UTC,79.15515746010666,42500648938.32334,3859622138.4438357
2026-02-25 00:00:00 UTC,88.07924459617706,42981364487.10693,3199678097.4536424
2026-02-26 00:00:00 UTC,86.07936596494483,47827156652.99908,5187695240.687567
2026-02-27 00:00:00 UTC,82.04418185445192,46741219676.34293,3572166611.0384326
2026-02-28 00:00:00 UTC,84.67491088061367,44550108893.53528,3368387308.3625445
2026-03-01 00:00:00 UTC,83.73986956786652,45978598543.085365,4501716686.409043
2026-03-02 00:00:00 UTC,86.75098086219938,45470869763.7706,4223990395.905905
2026-03-03 00:00:00 UTC,87.05158771027426,47105907532.70173,4899843857.351483
2026-03-04 00:00:00 UTC,91.07299801568064,47269137484.09104,4424667364.214979
2026-03-05 00:00:00 UTC,88.95101498981624,49452769070.90195,6325870834.610213
2026-03-06 00:00:00 UTC,84.7320068085851,48300529232.125824,3930297347.5347934
2026-03-07 00:00:00 UTC,83.62301487964194,46009601714.19404,3251870628.3769007
2026-03-08 00:00:00 UTC,81.88428957123448,45407417499.7897,1580950613.9177022
2026-03-09 00:00:00 UTC,85.02093175468558,44463287153.497574,2208640247.671016
2026-03-10 00:00:00 UTC,85.89560657695257,46166488375.98889,3585116821.4926686
2026-03-11 00:00:00 UTC,86.5581504342351,46641438064.04302,3570833376.9279113
2026-03-12 00:00:00 UTC,86.91319465805584,49434560307.47968,3283452722.5431256
2026-03-13 00:00:00 UTC,88.13547874972527,49637497208.5159,3013293341.64403
2026-03-14 00:00:00 UTC,88.22402192508966,50346167304.84724,4585739574.92884
2026-03-15 00:00:00 UTC,92.84245908141786,50396679560.88358,1624975313.6578467
2026-03-16 00:00:00 UTC,95.89308559272592,53046073672.589714,2726424649.5209336
2026-03-17 00:00:00 UTC,94.88825668690211,54788991789.75197,5388386423.087694
2026-03-18 00:00:00 UTC,90.115544198641,54223681268.91809,3321594711.3420515
2026-03-19 00:00:00 UTC,89.13814377366043,51496257916.80628,3358551411.7335477
2026-03-20 00:00:00 UTC,89.88102391501674,50948462318.6077,2822284050.9672275
2026-03-21 00:00:00 UTC,86.94066815337234,51372979186.803825,2350200908.3402796
2026-03-22 00:00:00 UTC,86.51000589698566,49731542780.14101,1479429609.2274296
2026-03-23 00:00:00 UTC,91.61995872641151,49485135094.03831,2176702533.7310886
2026-03-24 00:00:00 UTC,90.95642493892578,52419147728.25777,4530300909.258156
2026-03-25 00:00:00 UTC,91.79638934133811,52039471567.11099,3170314769.040441
2026-03-26 00:00:00 UTC,86.56000919831459,52531083589.53271,2898547007.065902
2026-03-27 00:00:00 UTC,83.00571325553047,49534466773.867714,3350563874.8767858
2026-03-28 00:00:00 UTC,82.1077280474731,47510477612.918015,2897358735.4617996
2026-03-29 00:00:00 UTC,81.38667344193283,46996435735.554955,1780975469.74778
2026-03-30 00:00:00 UTC,82.4461259589699,46593513708.730415,1785841210.682829
2026-03-31 00:00:00 UTC,83.03928802068708,47209984898.48518,2926493936.450751
2026-04-01 00:00:00 UTC,85.18642438724109,47549222493.60331,3843275870.1548357
2026-04-02 00:00:00 UTC,82.437047307973,48788935091.57593,41398428466136.67
2026-04-03 00:00:00 UTC,84.3168919305744,47214172408.702614,38910683731202.7
2026-04-04 00:00:00 UTC,84.11954370483632,48300939046.34654,40609304156642.836
2026-04-05 00:00:00 UTC,85.7459920068651,48187816986.598854,40511891033461.28
2026-04-06 00:00:00 UTC,83.3997813478326,49129818765.33292,42086370115044.89
2026-04-07 00:00:00 UTC,89.76502439558917,47785440050.42474,39818256142676.484
2026-04-08 00:00:00 UTC,87.080880130839,51499102378.61944,46075926783538.84
2026-04-09 00:00:00 UTC,87.42960016778983,49959113828.15498,43093757052284.54
2026-04-10 00:00:00 UTC,84.80770646580707,50202448736.64058,43528782532995.34
2026-04-11 00:00:00 UTC,84.93208356676055,48696878247.81551,2618591191.307525
2026-04-12 00:00:00 UTC,81.48683233639147,48795340782.55074,1943834617.081766
2026-04-13 00:00:00 UTC,86.63567521441236,46815848907.80186,2471128962.045342
2026-04-14 00:00:00 UTC,83.81940155901538,49827800538.465256,3544380401.3407874
2026-04-15 00:00:00 UTC,84.96031849144572,48208009343.07264,3844815230.2022886
2026-04-16 00:00:00 UTC,89.09592877870321,48874425102.75045,3043575779.7096267
2026-04-17 00:00:00 UTC,88.8299708972434,51253401433.360306,4624942331.944383
2026-04-18 00:00:00 UTC,86.16588217188954,51111348386.52539,4722752026.939967
2026-04-19 00:00:00 UTC,83.50924821523091,49578415080.402885,2341611238.654498
2026-04-20 00:00:00 UTC,85.29408341135965,48059854719.96748,3151480518.597618
2026-04-21 00:00:00 UTC,86.0424364200775,49086699741.08373,3014295276.3909736
2026-04-22 00:00:00 UTC,86.93158314182028,49527215356.480316,2841022289.3137155
2026-04-23 00:00:00 UTC,86.14014927124724,50038959763.30059,3681060057.3556414
2026-04-24 00:00:00 UTC,86.2185542154086,49593694327.42262,3405122001.8538017
2026-04-25 00:00:00 UTC,86.19672544782625,49638775445.893486,2529886353.5736837
2026-04-26 00:00:00 UTC,86.93731595191888,49636500832.03544,1413712735.37589
2026-04-27 00:00:00 UTC,84.80959100944631,50062941610.94229,1868945015.0480602
2026-04-28 00:00:00 UTC,84.04602358960982,48847818997.7966,3484408439.2064266
2026-04-29 00:00:00 UTC,83.03560020545386,48407965319.16434,2075922638.2743492
2026-04-30 00:00:00 UTC,83.03995075848528,47835882539.81709,3235582966.261207
2026-05-01 00:00:00 UTC,83.74516060974149,47838414812.83662,2181923850.393772
2026-05-02 00:00:00 UTC,84.2627584319434,48254656958.929955,2305571943.760922
2026-05-03 00:00:00 UTC,83.84166473387728,48552845675.145065,1375048416.1808488
2026-05-04 00:00:00 UTC,84.08449536741543,48320196351.68198,1597293266.3711183
2026-05-05 00:00:00 UTC,86.30486668344513,48461394880.95341,3840959709.846781
2026-05-06 00:00:00 UTC,89.16544229478262,49751361250.83286,3077251989.2224164
2026-05-07 00:00:00 UTC,88.43226804224953,51455846557.342415,4199644241.7965374
2026-05-08 00:00:00 UTC,92.0051901272934,51065376438.25551,3332245927.3137703
2026-05-09 00:00:00 UTC,93.14241861919785,53128500752.90563,3134931062.2289386
2026-05-10 00:00:00 UTC,96.4109436575395,53796277053.354004,2407127969.552507
2026-05-11 00:00:00 UTC,97.25241253260013,55703224803.12754,3365784069.7796283
2026-05-12 00:00:00 UTC,94.28512370471019,56200529585.75877,3936350539.431638
2026-05-13 00:00:00 UTC,91.1181109418428,54485740173.64158,3098742218.596507
2026-05-14 00:00:00 UTC,92.1198653434353,52666402722.11666,3804961851.389205
2026-05-15 00:00:00 UTC,89.1991049638626,53245353976.39248,3157527587.7603483
2026-05-16 00:00:00 UTC,86.51689163386662,51567749435.05415,3139614222.0758076
2026-05-17 00:00:00 UTC,85.18280454864586,50020847754.36175,2226027321.776885
2026-05-18 00:00:00 UTC,85.31915788905131,49259649751.012146,2078511223.494443
2026-05-19 00:00:00 UTC,84.19081048342706,49338196528.99009,3024966669.1147256
2026-05-20 00:00:00 UTC,86.05865859618997,48644638281.941505,1962507417.4536889
2026-05-21 00:00:00 UTC,87.17389465455327,49730056480.28202,2729370842.8552046
2026-05-22 00:00:00 UTC,84.31186681406471,50384858258.00716,3190400613.696502
2026-05-23 00:00:00 UTC,85.6707931191255,48730601507.600945,2571403589.386439
2026-05-24 00:00:00 UTC,85.22303380051963,49526223443.17703,3286970015.1963525
2026-05-25 00:00:00 UTC,84.97682971506052,49267316580.51776,2299313017.9576964
2026-05-26 00:00:00 UTC,83.66751400447032,49135057185.50831,1803658756.1874142
2026-05-27 00:00:00 UTC,82.33204554881856,48378632579.133644,2554928810.7284603
2026-05-28 00:00:00 UTC,82.0439463262634,47616199394.08051,2299355218.816243
2026-05-29 00:00:00 UTC,81.9770412126185,47448837599.658295,2658713917.7802296
2026-05-30 00:00:00 UTC,82.68649732797877,47419837877.91925,2377985277.4282727
2026-05-31 00:00:00 UTC,82.33762528669455,47830171320.03477,1377376877.9563878
2026-06-01 00:00:00 UTC,81.16096271852808,47638112086.279015,1344660031.4575894
2026-06-02 00:00:00 UTC,74.13901501343945,46937390243.63532,2750502933.2222457
2026-06-03 00:00:00 UTC,71.5436851656655,42885187245.11338,3680255553.8008966
2026-06-04 00:00:00 UTC,68.81086787182636,41383885800.11384,3696685803.9439883
2026-06-05 00:00:00 UTC,63.63313109112329,39811227259.98783,5064102121.535027
2026-06-06 00:00:00 UTC,62.17918349826299,36815546115.86572,6676438823.787654
2026-06-07 00:00:00 UTC,66.42475751544987,35981679210.05437,3577863213.6780424
2026-06-08 00:00:00 UTC,66.80256146212376,38480144220.633545,3136535778.934595
2026-06-09 00:00:00 UTC,64.9237603504689,38706889898.17908,3165296761.7515407
2026-06-10 00:00:00 UTC,63.18212175433404,37616147035.943245,2984743786.127204
2026-06-11 00:00:00 UTC,66.81660398292856,36614496967.74654,2915668831.8778567
2026-06-12 00:00:00 UTC,66.77674858898844,38734037859.60971,2800664428.8383875
2026-06-13 00:00:00 UTC,68.87994920794057,38718794394.00756,2667985489.0141864
2026-06-14 00:00:00 UTC,71.21816957667109,39938235528.10983,1570972400.7552242
2026-06-15 00:00:00 UTC,73.9490661555558,41302375511.16598,1787610919.2006843
2026-06-16 00:00:00 UTC,73.4631155495267,42886081046.16554,3029066101.9198065
2026-06-17 00:00:00 UTC,71.98435089991071,42612895578.23611,2333870477.2213845
2026-06-18 00:00:00 UTC,69.64875448394535,41754973369.46756,2718013844.532121
2026-06-19 00:00:00 UTC,69.67510636134296,40408399128.20716,2477277075.7462106
2026-06-20 00:00:00 UTC,73.18000530963474,40423637128.5939,1944665336.4723547
2026-06-21 00:00:00 UTC,72.42261496688492,42465706434.49679,2276338717.7167253
2026-06-22 00:00:00 UTC,71.84825365060954,42026125560.66186,2052347755.8736546
2026-06-23 00:00:00 UTC,69.6086375465547,41701275965.356384,2564318280.8954406
2026-06-24 00:00:00 UTC,67.94878023470052,40400963779.9402,2237316369.5899425
2026-06-25 00:00:00 UTC,67.63197484567073,39445550402.63168,3263229987.707027
2026-06-26 00:00:00 UTC,71.81424446301368,39261589126.28676,3481478952.3798857
2026-06-27 00:00:00 UTC,70.40481823828176,41697905662.04016,4562551012.342848
2026-06-28 00:00:00 UTC,71.2724585453322,40879492017.40393,1858983984.0053177
2026-06-29 00:00:00 UTC,75.01499688974292,41391613578.902794,1815015636.4389396
2026-06-30 00:00:00 UTC,73.56481907476494,43566231846.29124,4222616480.428232
2026-07-01 00:00:00 UTC,77.36147682738353,42732612580.56446,2690535956.3937716
2026-07-02 00:00:00 UTC,80.61965067731505,44939092000.96649,3754552448.9840846
2026-07-03 00:00:00 UTC,82.29123076434712,46841180219.067215,3887626249.521208
2026-07-04 00:00:00 UTC,81.70349684813986,47812330484.64846,2062341004.3981605
2026-07-05 00:00:00 UTC,81.51563065259701,47480391856.62143,2002372603.9912698
2026-07-06 00:00:00 UTC,81.88843062284806,47371157650.909485,1690405895.2732563
2026-07-07 00:00:00 UTC,80.58601402999597,47597380143.591705,2617314582.434274
2026-07-08 00:00:00 UTC,77.78886312209272,46877949813.676575,2163625524.631806
2026-07-09 00:00:00 UTC,77.99219264415099,45259937301.13004,2347806059.4267416
2026-07-10 00:00:00 UTC,78.06878587097549,45378842482.56204,1631018066.1333897
2026-07-11 00:00:00 UTC,76.71562325891836,45432531655.03275,1914269300.4583545
2026-07-12 00:00:00 UTC,76.86985248774823,44660479258.80964,1308043425.3729627
2026-07-13 00:00:00 UTC,74.93128320593416,44759250763.392586,1265493143.236287
2026-07-14 00:00:00 UTC,77.80864772344317,43630417252.56394,1783620278.6555724
2026-07-15 00:00:00 UTC,77.23864761387213,45316534903.23006,1989092377.0496368
2026-07-16 00:00:00 UTC,75.26924720120745,44984526776.86344,1999993344.3857157
2026-07-17 00:00:00 UTC,75.00200273777084,43845679077.281105,1729323923.3697355
2026-07-18 00:00:00 UTC,75.48105541148355,43689926142.810616,1610029431.7482316
2026-07-19 00:00:00 UTC,76.311803624947,43977792651.52891,922299097.9510707
2026-07-20 00:00:00 UTC,77.74886056354681,44461747413.47417,1278086721.6860094
2026-07-21 00:00:00 UTC,78.08824475788602,45308077986.08869,2112385884.318784
2026-07-22 00:00:00 UTC,77.93926390412061,45505856670.67133,1539454721.505869
2026-07-23 00:00:00 UTC,75.7639067086523,45428158754.7264,1650751334.383584
2026-07-24 00:00:00 UTC,73.92669024333507,44160145869.81374,1547170503.9589038
2026-07-25 00:00:00 UTC,74.46821345207313,43089086245.25302,1586542762.8682783
2026-07-26 00:00:00 UTC,76.60392655867378,43413401849.0589,926190926.4020247
2026-07-27 00:00:00 UTC,74.197598700806,44658420352.43748,1063003746.823282
2026-07-28 00:00:00 UTC,73.896390368975,43264193579.30554,1745937876.5571344
2026-07-29 00:00:00 UTC,73.6054627408716,43088263472.87537,1790967309.058953
2026-07-30 00:00:00 UTC,74.52193415556854,42660813581.7154,1767727296.5670733
2026-07-31 00:00:00 UTC,72.88371649282755,43191931824.72036,1395345410.2703042
2026-08-01 00:00:00 UTC,71.89477455090024,42250888499.705826,1558998882.4941688
2026-08-02 00:00:00 UTC,73.49238900512461,41776494887.8201,1150666819.972936
2026-08-03 00:00:00 UTC,73.48861779525183,42713305687.7351,1054416891.567229
2026-08-04 00:00:00 UTC,"",42711038749.872505,1401915388.5730863
